index,barcode,rna_total_reads,rna_uniquely_mapped_reads,rna_secondary_alignments,rna_supplementary_alignments,rna_umis,rna_fraction_mitochondrial,rna_gene,rna_gene_full,rna_exon_to_full_gene_body_ratio,cell_probability,post_cellbender_umis,fraction_cellbender_removed,rna_percent_mitochondrial,pct_cellbender_removed,filter_cellbender_cell_probability,filter_rna_emptyDrops,filter_rna_min_umi,filter_pct_cellbender_removed,filter_rna_max_mito,pass_all_filters,barcode_rank
6302,GGAGGTAGTCGTCATA,6845,5907,1994,0,3477,0.021161334010496,3402,3477,0.978429680759275,0.999999523162842,2128,0.387978142076503,2.1161334010496,38.7978142076503,True,True,True,True,True,True,4305
2900,GCGTTTCTCTCTCTTC,56409,51912,7476,0,29621,0.0476190476190476,19771,29621,0.667465649370379,0.999954581260681,28734,0.0299449714729415,4.76190476190476,2.99449714729415,True,True,True,True,True,True,1031
1405,GTTCTATAGTTGTAAG,66989,59780,10040,0,37256,0.0115925058548009,36240,37256,0.972729224822847,0.999954581260681,35638,0.0434292462958987,1.15925058548009,4.34292462958986,True,True,True,True,True,True,635
4678,GTCGTAAAGCTTAGTC,15902,14642,1947,0,5540,0.110299139461822,2916,5540,0.526353790613718,0.99999988079071,3933,0.290072202166065,11.0299139461822,29.0072202166065,True,True,True,True,True,True,3989
3185,CCTGTTGAGGCCCAAA,26040,23545,4311,0,11199,0.146400509662349,7949,11199,0.709795517456916,0.999999761581421,9738,0.130458076613983,14.6400509662349,13.0458076613983,True,True,True,True,True,True,3118
2018,TCCGAAATCGGTGTAT,60995,55836,7828,0,30661,0.0604986030517945,22615,30661,0.737581944489743,0.999954581260681,29711,0.0309839861713578,6.04986030517945,3.09839861713578,True,True,True,True,True,True,960
3676,CATACTTCAACTACGT,95984,87581,11293,0,45831,0.0878957764812002,27102,45831,0.59134646854749,0.999954581260681,44858,0.0212301717178329,8.78957764812002,2.12301717178329,True,True,True,True,True,True,405
10772,AGGGTGAAGCGAGGAG,12415,11075,2409,0,5623,0.133002257336343,2456,5623,0.436777520896319,0.999999761581421,3891,0.308020629557176,13.3002257336343,30.8020629557176,True,True,True,True,True,True,3971
1765,AGGGTTTCATGGAAGC,34169,31508,4077,0,18115,0.0629681350768058,15593,18115,0.860778360474745,0.999971151351929,16559,0.0858956665746619,6.29681350768058,8.58956665746619,True,True,True,True,True,True,2291
3288,ACGTAGTAGCCTTGAT,23465,21411,2905,0,9351,0.158936995002569,5709,9351,0.610522938723131,0.999999761581421,7678,0.178911346380066,15.8936995002569,17.8911346380066,True,True,True,True,True,True,3351
4172,AATCGTGGTCGTGGAA,43584,39539,6208,0,23074,0.103341005083588,18105,23074,0.784649388922597,0.999954581260681,22183,0.0386148912195545,10.3341005083588,3.86148912195545,True,True,True,True,True,True,1700
3348,GCCAGTGAGGAAGTCC,32237,28884,6185,0,15978,0.0569865669574851,11868,15978,0.742771310552009,0.999993085861206,14936,0.0652146701714858,5.69865669574851,6.52146701714858,True,True,True,True,True,True,2574
4759,GCAACCGAGACCATAA,57099,52744,6104,0,28218,0.0464697406340057,22033,28218,0.780813665036502,0.999954581260681,27293,0.0327804947196825,4.64697406340057,3.27804947196825,True,True,True,True,True,True,1138
3581,CCATCACAGGCGATAC,22135,19780,4827,0,5951,0.0262386248736097,2525,5951,0.424298437237439,0.999996542930603,4287,0.279616871114098,2.62386248736097,27.9616871114099,True,True,True,True,True,True,3909
1781,TGTAACGAGAGTGACC,105784,94585,16705,0,53499,0.0701802611407728,46134,53499,0.86233387539954,0.999954581260681,52605,0.0167105927213593,7.01802611407728,1.67105927213593,True,True,True,True,True,True,274
5884,ATCGGCGAGGCCCGTT,35307,30469,9482,0,17261,0.0951130657389477,14821,17261,0.858640866693703,0.9999760389328,15989,0.0736921383465616,9.51130657389477,7.36921383465616,True,True,True,True,True,True,2394
1033,GTCGCGAGTGAGGAAA,22710,20680,3334,0,12530,0.0411992263056092,11082,12530,0.884437350359138,0.999997615814209,10802,0.137909018355946,4.11992263056092,13.7909018355946,True,True,True,True,True,True,2977
5735,CTGGCAGGTTACCCAA,37841,34289,5823,0,19144,0.0795882061302458,16653,19144,0.869880902632679,0.999940395355225,18127,0.0531236941078145,7.95882061302458,5.31236941078145,True,True,True,True,True,True,2177
3597,TACTTCAAGGTTCATC,45515,41161,7236,0,22585,0.0892835451033745,13930,22585,0.61678104936905,0.999954581260681,21387,0.0530440557892406,8.92835451033745,5.30440557892406,True,True,True,True,True,True,1762
7937,CAACAACTCGTGTCAA,24973,22837,2865,0,12871,0.0327538643429522,10543,12871,0.819128272861471,0.999999403953552,11369,0.116696449382332,3.27538643429522,11.6696449382332,True,True,True,True,True,True,2934
815,TGCTCGTAGTAAACTG,52721,48589,7006,0,26624,0.0880240383625923,22905,26624,0.860314002403846,0.999954581260681,25585,0.0390249399038462,8.80240383625923,3.90249399038462,True,True,True,True,True,True,1280
3400,TCATCCGTCTAGTCAG,12704,11621,1829,0,4653,0.0925049479390758,2757,4653,0.592520954223082,0.999999284744263,3124,0.328605200945626,9.25049479390758,32.8605200945626,True,True,True,True,True,True,4133
4482,ACACCAATCTAGGCAT,54596,49860,6909,0,26801,0.0687324508624147,19269,26801,0.718965710234693,0.999954581260681,25923,0.0327599716428491,6.87324508624147,3.27599716428491,True,True,True,True,True,True,1261
3189,CTTCTCTGTCAACCTA,55579,51350,6271,0,29698,0.04539435248296,20412,29698,0.687319011381238,0.999954581260681,28751,0.0318876692033134,4.539435248296,3.18876692033134,True,True,True,True,True,True,1022
3885,GGTGTCGGTCGTGGTC,101604,94562,10164,0,42298,0.104111588164379,38504,42298,0.910303087616436,0.999954581260681,41294,0.0237363468721925,10.4111588164379,2.37363468721925,True,True,True,True,True,True,485
2544,CGTGATATCTCTCTTC,69201,63386,9017,0,36886,0.0948001135897516,28613,36886,0.77571436317302,0.999954581260681,36059,0.0224204305156428,9.48001135897516,2.24204305156428,True,True,True,True,True,True,648
1634,CCTCCAAGTGAAAGTT,62395,56776,8543,0,31165,0.0428702268564182,21235,31165,0.681373335472485,0.999954581260681,30269,0.0287502005454837,4.28702268564182,2.87502005454837,True,True,True,True,True,True,926
3626,TCCTTCTGTGGCAGAT,99613,91427,13029,0,38649,0.107123716188872,32872,38649,0.850526533674869,0.999954581260681,37634,0.0262619990167922,10.7123716188872,2.62619990167922,True,True,True,True,True,True,586
7609,GTAGAAAGTCTCGACG,49591,44920,8636,0,25150,0.0817675868210151,22109,25150,0.879085487077535,0.999954581260681,24072,0.0428628230616302,8.17675868210151,4.28628230616302,True,True,True,True,True,True,1454
324,TTTAGTCGTTAGGCCC,54130,49523,8000,0,27885,0.0708357732770631,21710,27885,0.778554778554779,0.999954581260681,26953,0.0334229872691411,7.08357732770631,3.34229872691411,True,True,True,True,True,True,1168
3376,TTTGGTTCAGCCCACA,133148,122582,14703,0,66476,0.0457326524285784,45047,66476,0.677643059149167,0.999954581260681,65646,0.0124857091281064,4.57326524285784,1.24857091281064,True,True,True,True,True,True,132
824,ATATCCTCATGTCGTA,55038,50197,6471,0,29396,0.06042193756599,18588,29396,0.632330929378147,0.999954581260681,28331,0.0362294189685671,6.042193756599,3.62294189685672,True,True,True,True,True,True,1043
3169,TCTATCATCCACTGGG,68137,61463,10821,0,34301,0.0509574866179652,26051,34301,0.759482230838751,0.999954581260681,33481,0.0239060085711787,5.09574866179652,2.39060085711787,True,True,True,True,True,True,755
3273,GACTTCCGTACGAGCA,40781,36178,11030,0,20288,0.0676930731383713,16350,20288,0.805895110410095,0.999953150749207,19282,0.0495859621451104,6.76930731383713,4.95859621451104,True,True,True,True,True,True,2059
4559,CGTGAATCATAACCCA,96997,87928,12589,0,52110,0.0934969520516786,42133,52110,0.808539627710612,0.999954581260681,51374,0.0141239685281136,9.34969520516786,1.41239685281136,True,True,True,True,True,True,302
1216,GGATCTATCGATACTG,42537,38641,6343,0,21245,0.0469449548407132,17155,21245,0.807484113909155,0.999954223632812,20082,0.0547422923040715,4.69449548407132,5.47422923040715,True,True,True,True,True,True,1927
1750,TCAGTGATCAGCGCAC,106916,98266,19153,0,54392,0.0407058392526407,42281,54392,0.777338579202824,0.999954581260681,53544,0.0155905280188263,4.07058392526407,1.55905280188263,True,True,True,True,True,True,262
3431,ATGCATGCAAAGGCAC,148829,135376,18607,0,75149,0.0533994208722373,68453,75149,0.91089701792439,0.999954581260681,74134,0.0135065004191673,5.33994208722373,1.35065004191673,True,True,True,True,True,True,80
657,ACGGTTAGTCTTTCTA,31176,28417,4320,0,16099,0.0986733293451103,13072,16099,0.811975899124169,0.999993920326233,14628,0.0913721349152121,9.86733293451103,9.13721349152121,True,True,True,True,True,True,2550
47290,TTACAGGAGAGGTATT,18812,16350,4783,0,10005,0.0092966360856269,9875,10005,0.987006496751624,1,8089,0.191504247876062,0.92966360856269,19.1504247876062,True,True,True,True,True,True,3261
163,ACAGGGACACGTCATA,101797,93719,11066,0,51179,0.0458071468965738,37788,51179,0.73834971374978,0.999954581260681,50388,0.0154555579436878,4.58071468965738,1.54555579436878,True,True,True,True,True,True,311
631,CGGAATTCACAAATCC,64231,57466,8732,0,31163,0.108011693871159,20118,31163,0.645573276000385,0.999954581260681,29747,0.0454385007861888,10.8011693871159,4.54385007861887,True,True,True,True,True,True,927
1547,CTGCATCTCGGCCTTT,52191,46966,8688,0,26578,0.0878507856747434,21343,26578,0.803032583339604,0.999954581260681,25601,0.0367597260892467,8.78507856747434,3.67597260892467,True,True,True,True,True,True,1289
106,GGGATGAAGATTGACA,90204,82811,9866,0,39206,0.0966417504920843,36368,39206,0.927613120440749,0.999954581260681,38089,0.0284905371626792,9.66417504920843,2.84905371626792,True,True,True,True,True,True,568
3050,CGTCCATGTGTCTTAG,137078,125482,18406,0,65420,0.0859724900782582,56528,65420,0.864078263527973,0.999954581260681,64299,0.0171354325894222,8.59724900782582,1.71354325894222,True,True,True,True,True,True,137
1451,CCACCATCAGTAGATA,56432,50675,9023,0,27592,0.127577701036014,16014,27592,0.580385619020006,0.999954581260681,26099,0.054109886923746,12.7577701036014,5.4109886923746,True,True,True,True,True,True,1206
3782,AGACTCATCCCAACTC,62408,57234,7268,0,30275,0.0497256875283922,18500,30275,0.611065235342692,0.999954581260681,29344,0.0307514450867052,4.97256875283922,3.07514450867052,True,True,True,True,True,True,985
7481,CATACTTGTTTCGTAG,34481,31771,4961,0,17742,0.0566869157407698,15123,17742,0.852384173148461,0.999988317489624,16342,0.0789088039679856,5.66869157407698,7.89088039679856,True,True,True,True,True,True,2321
1586,TCCCATGAGAGTGTTA,40699,37434,4881,0,21513,0.092108778116151,19972,21513,0.928368893227351,0.999954342842102,20028,0.0690280295635197,9.2108778116151,6.90280295635197,True,True,True,True,True,True,1889
592,GTGCAGCAGCTTCGTA,51944,48540,6239,0,26424,0.0754017305315204,24957,26424,0.944482288828338,0.999954581260681,24378,0.0774296094459582,7.54017305315204,7.74296094459582,True,True,True,True,True,True,1304
5671,CCAATTTGTAAGCAAT,73273,65819,10872,0,37677,0.0439538735015724,30464,37677,0.808556944555034,0.999954581260681,36852,0.0218966478222788,4.39538735015724,2.18966478222788,True,True,True,True,True,True,618
2571,GCTTGGGCAAACGTGG,84539,75230,14692,0,41755,0.0518941911471487,34559,41755,0.827661357921207,0.999954581260681,40935,0.0196383666626751,5.18941911471487,1.96383666626751,True,True,True,True,True,True,501
968,CTCCCTCTCACCACAA,75517,68028,12287,0,40180,0.0544922678896924,33090,40180,0.823544051767048,0.999954581260681,39298,0.0219512195121951,5.44922678896924,2.19512195121951,True,True,True,True,True,True,541
7906,GCGTGCAGTGGGATTG,15400,14026,2701,0,7732,0.153001568515614,4956,7732,0.640972581479565,0.999999761581421,5796,0.250387997930678,15.3001568515614,25.0387997930678,True,True,True,True,True,True,3607
3171,TATCTTGGTATAGGAT,31199,28649,4183,0,17085,0.0246430939997905,14710,17085,0.860989171788118,0.99998939037323,15895,0.0696517412935323,2.46430939997905,6.96517412935323,True,True,True,True,True,True,2423
6437,CGATCGGTCTCCGAGG,53271,47666,9230,0,27699,0.0615113498090882,24106,27699,0.870284125780714,0.999954581260681,26698,0.0361384887541066,6.15113498090882,3.61384887541066,True,True,True,True,True,True,1191
6364,TGGGCTGGTACCGGCT,13650,11600,6076,0,6588,0.0022413793103448,6475,6588,0.982847601700061,1,4796,0.272009714632665,0.22413793103448,27.2009714632665,True,True,True,True,True,True,3803
3173,GGATCTATCGACATAC,85475,77996,10612,0,38985,0.0994409969742038,32521,38985,0.834192638194177,0.999954581260681,38206,0.0199820443760421,9.94409969742038,1.99820443760421,True,True,True,True,True,True,576
5313,CTCAATTCAAATGGAT,44941,41029,5016,0,23804,0.0488435009383606,14817,23804,0.622458410351202,0.999954581260681,22772,0.0433540581414888,4.88435009383606,4.33540581414888,True,True,True,True,True,True,1612
2865,CGATGCGGTGTTTCTT,58765,53653,8480,0,30441,0.0731925521406072,23614,30441,0.775730100850826,0.999954581260681,29610,0.0272987089780231,7.31925521406072,2.72987089780231,True,True,True,True,True,True,977
794,TCCTTTCAGACGACGT,32485,28605,6951,0,16723,0.111449047369341,12669,16723,0.757579381689888,0.999967336654663,15139,0.0947198469174191,11.1449047369341,9.47198469174191,True,True,True,True,True,True,2473
782,CTAGGTAGTCAAACGG,49625,44487,8508,0,25243,0.0585339537392946,22576,25243,0.894346947668661,0.999954581260681,24076,0.0462306381967278,5.85339537392946,4.62306381967278,True,True,True,True,True,True,1440
3334,ATCGTAGAGAGCAACC,21065,19167,2906,0,10613,0.0444514008452026,9201,10613,0.866955620465467,0.99999988079071,8621,0.187694337133704,4.44514008452026,18.7694337133704,True,True,True,True,True,True,3183
398,CGCATAAGTGCCGAAA,46414,42048,6929,0,22748,0.108138318112633,18268,22748,0.803059609636012,0.999954581260681,21732,0.0446632671004044,10.8138318112633,4.46632671004044,True,True,True,True,True,True,1744
2923,TGATCAGAGTGAGTTA,73566,65441,11419,0,38103,0.105621857856695,28594,38103,0.750439597931921,0.999954581260681,36799,0.0342230270582369,10.5621857856695,3.42230270582369,True,True,True,True,True,True,604
3174,GTCAAACTCAACGAGG,90252,81573,12082,0,44235,0.0843293736898238,35688,44235,0.806781959986436,0.999954581260681,43371,0.0195320447609359,8.43293736898238,1.95320447609359,True,True,True,True,True,True,439
11299,ATCGTGAAGCCAGACA,14992,13510,2714,0,8655,0.0524056254626202,6866,8655,0.793298671288273,0.999999761581421,7070,0.183131138070479,5.24056254626202,18.3131138070479,True,True,True,True,True,True,3472
2314,CTACCCAAGACAGCTG,79398,72748,8729,0,33870,0.0916038928905262,28691,33870,0.847091821671095,0.999954581260681,32936,0.0275760259816947,9.16038928905262,2.75760259816947,True,True,True,True,True,True,777
4139,GCAGTTATCCTCTCTT,42288,39027,5610,0,22001,0.048991723678479,18704,22001,0.850143175310213,0.999954462051392,20905,0.0498159174582974,4.8991723678479,4.98159174582974,True,True,True,True,True,True,1833
4547,GAGACTTTCCGTTGAA,32429,29520,5501,0,16491,0.0898373983739837,13894,16491,0.842520162512886,0.999995827674866,15376,0.0676126371960463,8.98373983739837,6.76126371960463,True,True,True,True,True,True,2506
289,CTGCCATGTTTGACAC,117660,104771,24525,0,61081,0.0788481545465825,51368,61081,0.840981647320771,0.999954581260681,60261,0.0134247965815884,7.88481545465825,1.34247965815884,True,True,True,True,True,True,171
5757,TGGGAGAGTCTGTTAG,38189,34749,5761,0,19933,0.0917148694926472,17903,19933,0.898158832087493,0.999955654144287,18688,0.0624592384488035,9.17148694926472,6.24592384488035,True,True,True,True,True,True,2096
4166,ACCTGAACAAGCCATT,56445,51401,7207,0,28441,0.0510301356004747,18579,28441,0.653247072887733,0.999954581260681,27453,0.0347385816251187,5.10301356004747,3.47385816251187,True,True,True,True,True,True,1129
3520,TGAGGAGGTGCGCTCA,77803,70820,9141,0,38857,0.0947754871505224,31205,38857,0.803072805414726,0.999954581260681,37896,0.024731708572458,9.47754871505224,2.4731708572458,True,True,True,True,True,True,581
2559,AGATGCTAGATCGCCC,70788,64241,9413,0,31747,0.15916626453511,24603,31747,0.774970863388667,0.999954581260681,30602,0.0360663999748008,15.916626453511,3.60663999748008,True,True,True,True,True,True,887
3122,CGTGATACACGCTGTG,44581,40473,6950,0,20101,0.141674696711388,18286,20101,0.909705984776877,0.999952912330627,18545,0.0774090841251679,14.1674696711388,7.74090841251679,True,True,True,True,True,True,2082
952,TCAAGACGTACGCTAT,98885,89903,12966,0,49470,0.0565720832452754,37127,49470,0.75049524964625,0.999954581260681,48655,0.0164746310895492,5.65720832452754,1.64746310895492,True,True,True,True,True,True,330
3569,GCGATCGGTACCTAGT,24971,22760,3571,0,14050,0.0513620386643233,12409,14050,0.883202846975089,0.999999046325684,12450,0.113879003558719,5.13620386643233,11.3879003558719,True,True,True,True,True,True,2806
2406,TGTCCCATCTAGACAC,48020,43715,6695,0,22551,0.0387510008006405,16316,22551,0.723515586891934,0.999954581260681,21595,0.042392798545519,3.87510008006405,4.2392798545519,True,True,True,True,True,True,1768
3013,ATCGCCTAGAGCATAT,30124,26807,7652,0,14410,0.0622971611892416,10223,14410,0.709437890353921,0.999997138977051,12924,0.103122831367106,6.22971611892416,10.3122831367106,True,True,True,True,True,True,2762
1015,CGAGGCTAGATAACAC,65117,60361,7263,0,32087,0.0378721359818425,26515,32087,0.826347118770842,0.999954581260681,31187,0.0280487424813788,3.78721359818425,2.80487424813788,True,True,True,True,True,True,861
4893,CGTGATACAGTCAACT,36027,32947,4734,0,18573,0.0777612529213585,13977,18573,0.75254401550638,0.999941825866699,17641,0.0501803693533624,7.77612529213585,5.01803693533624,True,True,True,True,True,True,2243
3473,CATGGTATCACTTCTA,32657,28312,14445,0,14542,0.0843105397004803,5492,14542,0.377664695365149,0.999993681907654,13039,0.103355797001788,8.43105397004803,10.3355797001788,True,True,True,True,True,True,2744
4125,TCTTAGTAGGTTATAG,74214,67137,10648,0,39495,0.0552750346306805,30151,39495,0.76341309026459,0.999954581260681,38626,0.0220027851626788,5.52750346306805,2.20027851626788,True,True,True,True,True,True,555
7726,ATCTTCAGTGTATCCA,38928,35024,7573,0,20639,0.0913659205116491,17165,20639,0.831677891370706,0.999952554702759,19511,0.0546538107466447,9.13659205116491,5.46538107466447,True,True,True,True,True,True,2009
2441,ACAGGGAGTGATAGAT,23976,21697,4890,0,11321,0.118495644559156,9626,11321,0.850278243971381,0.99999988079071,9043,0.201218973588906,11.8495644559156,20.1218973588906,True,True,True,True,True,True,3109
96,CATTGTTTCTCGTCGT,92252,82477,15211,0,50131,0.0447639948106744,42317,50131,0.844128383634877,0.999954581260681,49298,0.0166164648620614,4.47639948106744,1.66164648620614,True,True,True,True,True,True,323
1287,TAAGTCGTCGCGTCGA,29405,26274,4979,0,17565,0.0849509020324275,14951,17565,0.851181326501566,0.999985456466675,16370,0.0680330202106462,8.49509020324275,6.80330202106462,True,True,True,True,True,True,2347
930,GATCCCTAGGGCTTCC,144305,133506,14795,0,72181,0.0442152412625649,49396,72181,0.684335212867652,0.999954581260681,71397,0.0108615840733711,4.42152412625649,1.08615840733711,True,True,True,True,True,True,103
4342,ACATCGAGTCTAGTGT,125953,115798,12996,0,56963,0.127126547954196,49999,56963,0.877745203026526,0.999954581260681,56107,0.0150272984217826,12.7126547954196,1.50272984217826,True,True,True,True,True,True,216
1904,ACCCTCAGTGTGGTCC,90674,83466,10739,0,46389,0.0470970215417056,35045,46389,0.755459268361034,0.999954581260681,45537,0.0183664230744357,4.70970215417056,1.83664230744357,True,True,True,True,True,True,395
80,TGAGGAGCATCGATGT,43707,39785,5930,0,23130,0.0721377403544049,14866,23130,0.642715088629486,0.999954581260681,22223,0.0392131431041937,7.21377403544049,3.92131431041937,True,True,True,True,True,True,1695
1674,ATCGGATGTCCATACA,74782,65982,13595,0,38075,0.080658361371283,35318,38075,0.927590282337492,0.999954581260681,37055,0.0267892317793828,8.0658361371283,2.67892317793828,True,True,True,True,True,True,606
913,CAATGACTCGGCACTG,129825,118942,13945,0,62021,0.0762136167207546,44798,62021,0.722303735831412,0.999954581260681,61278,0.0119798132890473,7.62136167207546,1.19798132890473,True,True,True,True,True,True,161
1825,TACCCACGTGGGTCAA,31372,28692,3461,0,13302,0.16837445977973,7307,13302,0.549315892347015,0.999997019767761,11867,0.107878514509096,16.837445977973,10.7878514509096,True,True,True,True,True,True,2887
4245,GTATTTCCATCCGGCA,36800,33610,5409,0,19850,0.0747099077655459,17999,19850,0.906750629722922,0.999956727027893,18268,0.0796977329974811,7.47099077655459,7.96977329974811,True,True,True,True,True,True,2099
4005,GTCGTAAAGCTTGTGT,37825,34417,5781,0,17735,0.154865328180841,14334,17735,0.808232308993516,0.999965667724609,16353,0.0779250070482098,15.4865328180841,7.79250070482098,True,True,True,True,True,True,2324
321,ATCCGTCGTCCAAAGG,31655,27909,10078,0,16584,0.0724855781289189,14957,16584,0.901893391220453,0.999978542327881,15292,0.0779064158224795,7.24855781289189,7.79064158224795,True,True,True,True,True,True,2489
2927,CTCAGAACACTGCGTG,92527,83868,10949,0,43735,0.146694806123909,36185,43735,0.827369383788728,0.999954581260681,43002,0.0167600320109752,14.6694806123909,1.67600320109752,True,True,True,True,True,True,447
208,ATGGGAGTCGCCGAGT,118031,106422,20063,0,59841,0.0673826840314972,52053,59841,0.869855116057553,0.999954581260681,58539,0.0217576577931519,6.73826840314972,2.17576577931519,True,True,True,True,True,True,183
7465,TGAATCGAGGTTCATC,76760,69657,10102,0,33417,0.1413497566648,28575,33417,0.855103689738756,0.999954581260681,32298,0.0334859502648353,14.13497566648,3.34859502648353,True,True,True,True,True,True,796
1805,AACCATGTCTCCTGCA,15208,12575,10239,0,7308,0.0720477137176938,4952,7308,0.677613574165298,0.99999988079071,5502,0.247126436781609,7.20477137176938,24.7126436781609,True,True,True,True,True,True,3685
4845,AACCTTTGTGAGACGT,13734,12623,1771,0,6232,0.1370514140854,3862,6232,0.619704749679076,0.99999988079071,4252,0.317715019255456,13.70514140854,31.7715019255456,True,True,True,True,True,True,3861
121844,GTGGAAGGTTGGCCGT,956,780,724,0,413,0.0615384615384615,400,413,0.968523002421308,NA,NA,NA,6.15384615384615,NA,False,False,False,False,True,False,51706
192691,TCAGGTATCAAGTAAG,41,33,8,0,26,0,9,26,0.346153846153846,NA,NA,NA,0,NA,False,False,False,False,True,False,97414
20034,ACTGTGATCGAATGCT,744,634,453,0,337,0.0173501577287066,325,337,0.964391691394659,NA,NA,NA,1.73501577287066,NA,False,False,False,False,True,False,74025
76720,AAGATAGAGTGCGACA,1020,882,421,0,493,0.0657596371882086,471,493,0.955375253549696,NA,NA,NA,6.57596371882086,NA,False,False,False,False,True,False,18483
149872,TTCTCTCCACCTCTGT,913,749,760,0,432,0.0200267022696929,414,432,0.958333333333333,NA,NA,NA,2.00267022696929,NA,False,False,False,False,True,False,42550
45465,GCCAGCACAGTTAGAA,47,42,2,0,31,0.0238095238095238,21,31,0.67741935483871,NA,NA,NA,2.38095238095238,NA,False,False,False,False,True,False,93256
34545,AGCTCAATCATGGGAG,1006,841,527,0,456,0.0178359096313912,435,456,0.953947368421053,NA,NA,NA,1.78359096313912,NA,False,False,False,False,True,False,31249
110681,ATAGAGACACAATGCT,987,808,654,0,456,0.0309405940594059,432,456,0.947368421052632,NA,NA,NA,3.09405940594059,NA,False,False,False,False,True,False,31449
45271,ACCTGTCTCGAGTGAG,732,618,500,0,335,0.0436893203883495,318,335,0.949253731343284,NA,NA,NA,4.36893203883495,NA,False,False,False,False,True,False,74210
296671,GGGTTTATCCCTCTAG,65,58,9,0,27,0,4,27,0.148148148148148,NA,NA,NA,0,NA,False,False,False,False,True,False,96888
42017,ACATCGATCCATATGG,911,744,726,0,417,0.0188172043010752,390,417,0.935251798561151,NA,NA,NA,1.88172043010752,NA,False,False,False,False,True,False,49559
40373,TGAGGAGTCCAAGCAT,1078,907,587,0,470,0.0253583241455347,448,470,0.953191489361702,NA,NA,NA,2.53583241455347,NA,False,False,False,False,True,False,25621
159141,TGCTTCGTCCTCTAAT,36,29,3,0,27,0.0344827586206896,21,27,0.777777777777778,NA,NA,NA,3.44827586206896,NA,False,False,False,False,True,False,96430
51510,GCAACATCAACCGCCA,1227,1019,744,0,536,0.0471050049067713,512,536,0.955223880597015,NA,NA,NA,4.71050049067713,NA,False,False,False,False,True,False,10716
100550,GATCCCTCACGAAGAC,1021,860,539,0,449,0.0069767441860465,430,449,0.957683741648107,NA,NA,NA,0.69767441860465,NA,False,False,False,False,True,False,34483
111518,CCGTGAGTCGAGCCTG,913,779,478,0,432,0.0462130937098844,417,432,0.965277777777778,NA,NA,NA,4.62130937098844,NA,False,False,False,False,True,False,42473
20983,TCGGTCTTCACGTAGT,811,692,430,0,378,0.106936416184971,365,378,0.965608465608466,NA,NA,NA,10.6936416184971,NA,False,False,False,False,True,False,65756
186558,TATTCCAGTACCGTGC,45,41,1,0,39,0.024390243902439,27,39,0.692307692307692,NA,NA,NA,2.4390243902439,NA,False,False,False,False,True,False,88963
99548,TAAGCGTGTAGCTTAC,388,325,239,0,215,0.0215384615384615,204,215,0.948837209302326,NA,NA,NA,2.15384615384615,NA,False,False,False,False,True,False,77047
8294,TCATATCTCTTCGTAT,855,711,551,0,399,0.0548523206751054,380,399,0.952380952380952,NA,NA,NA,5.48523206751054,NA,False,False,False,False,True,False,57808
175957,GTCGAATGTCTTCCGT,820,676,633,0,373,0.0325443786982248,365,373,0.978552278820375,NA,NA,NA,3.25443786982248,NA,False,False,False,False,True,False,67529
106689,ATGGGAGAGGTGTGAC,912,793,373,0,424,0.0378310214375788,408,424,0.962264150943396,NA,NA,NA,3.78310214375788,NA,False,False,False,False,True,False,46408
56693,ACGGAAGCACACGGAA,1075,908,633,0,475,0.0297356828193832,467,475,0.983157894736842,NA,NA,NA,2.97356828193832,NA,False,False,False,False,True,False,23912
64596,CCCAACTAGTGCGTCC,983,877,387,0,442,0.041049030786773,420,442,0.950226244343891,NA,NA,NA,4.1049030786773,NA,False,False,False,False,True,False,37597
68742,TCTTAGTCATGGCCCA,1080,893,814,0,477,0.0123180291153415,459,477,0.962264150943396,NA,NA,NA,1.23180291153415,NA,False,False,False,False,True,False,23268
128166,AACGGGATCCGAGCTG,85,69,5,0,66,0.217391304347826,51,66,0.772727272727273,NA,NA,NA,21.7391304347826,NA,False,False,False,False,False,False,82036
20843,TGGATGTCAGGTTCGC,981,812,678,0,436,0.0455665024630541,424,436,0.972477064220184,NA,NA,NA,4.55665024630541,NA,False,False,False,False,True,False,40218
57849,GTACAGTTCGAGAGCA,1134,952,688,0,507,0.0199579831932773,480,507,0.946745562130177,NA,NA,NA,1.99579831932773,NA,False,False,False,False,True,False,15232
28154,ACAGCCGCATTGGCAT,1036,855,735,0,436,0.0456140350877193,412,436,0.944954128440367,NA,NA,NA,4.56140350877193,NA,False,False,False,False,True,False,40249
122687,TTGTGGAAGCTAAACA,928,777,542,0,427,0.0141570141570141,407,427,0.953161592505855,NA,NA,NA,1.41570141570141,NA,False,False,False,False,True,False,44962
112499,TCAGTCCGTATGGTTC,1076,882,845,0,449,0.0226757369614512,426,449,0.948775055679287,NA,NA,NA,2.26757369614512,NA,False,False,False,False,True,False,34511
26371,GGAGAACAGGATTACA,1000,824,640,0,457,0.0084951456310679,438,457,0.958424507658643,NA,NA,NA,0.84951456310679,NA,False,False,False,False,True,False,30782
314028,TCAAGACAGGATCATA,73,70,0,0,49,0.0285714285714285,43,49,0.877551020408163,NA,NA,NA,2.85714285714285,NA,False,False,False,False,True,False,85558
179714,GACAGCCCAAATTGCC,1183,966,880,0,527,0.0289855072463768,503,527,0.954459203036053,NA,NA,NA,2.89855072463768,NA,False,False,False,False,True,False,11857
43449,CGGGCATTCTCCTGCA,906,739,618,0,404,0.0297699594046008,383,404,0.948019801980198,NA,NA,NA,2.97699594046008,NA,False,False,False,False,True,False,55673
89124,TTAGGGTGTGGAACAC,1220,1041,737,0,542,0.063400576368876,528,542,0.974169741697417,NA,NA,NA,6.3400576368876,NA,False,False,False,False,True,False,10097
32715,GTAGCTACAAGGTCTT,950,807,538,0,436,0.0111524163568773,418,436,0.958715596330275,NA,NA,NA,1.11524163568773,NA,False,False,False,False,True,False,40271
159911,CCGATCTAGCGATTCT,32,29,1,0,27,0.0344827586206896,21,27,0.777777777777778,NA,NA,NA,3.44827586206896,NA,False,False,False,False,True,False,96435
197358,TTCCGTGAGGCCTGCT,74,66,6,0,61,0.0606060606060606,49,61,0.80327868852459,NA,NA,NA,6.06060606060606,NA,False,False,False,False,True,False,82871
44780,CTTGAGAGTCATAAAG,840,693,505,0,373,0.0101010101010101,355,373,0.951742627345844,NA,NA,NA,1.01010101010101,NA,False,False,False,False,True,False,67344
37402,GTCAGCGAGCATCCTA,928,760,645,0,408,0.0157894736842105,393,408,0.963235294117647,NA,NA,NA,1.57894736842105,NA,False,False,False,False,True,False,53798
30730,TTGTTGTAGAAGGCTC,762,643,442,0,376,0.0653188180404354,356,376,0.946808510638298,NA,NA,NA,6.53188180404354,NA,False,False,False,False,True,False,66408
49166,AAGTACCGTCCAGGTC,1121,938,738,0,486,0.0756929637526652,467,486,0.960905349794239,NA,NA,NA,7.56929637526652,NA,False,False,False,False,True,False,20399
28528,CAAGACTAGTCCGCGT,1245,1071,549,0,592,0.0513538748832866,567,592,0.95777027027027,NA,NA,NA,5.13538748832866,NA,False,False,False,False,True,False,7371
12386,GATGACTAGCGACTGA,1048,889,544,0,486,0.0877390326209223,477,486,0.981481481481482,NA,NA,NA,8.77390326209223,NA,False,False,False,False,True,False,20298
102050,GTGTTAGAGGGTTTCT,837,684,509,0,398,0.0102339181286549,369,398,0.92713567839196,NA,NA,NA,1.02339181286549,NA,False,False,False,False,True,False,58458
60987,GTCGTTCAGACTTGTC,547,454,362,0,266,0.0110132158590308,256,266,0.962406015037594,NA,NA,NA,1.10132158590308,NA,False,False,False,False,True,False,76545
64813,AGCGTATTCGGTGTAT,829,680,608,0,353,0.0441176470588235,340,353,0.963172804532578,NA,NA,NA,4.41176470588235,NA,False,False,False,False,True,False,71882
100092,AGACACTCAGTGTGGA,1059,885,571,0,468,0.0192090395480226,455,468,0.972222222222222,NA,NA,NA,1.92090395480226,NA,False,False,False,False,True,False,26516
74479,AAGACTCGTCCATCTC,40,34,3,0,31,0.176470588235294,27,31,0.870967741935484,NA,NA,NA,17.6470588235294,NA,False,False,False,False,False,False,93279
57581,CAATCGACACTCCGGA,875,717,522,0,361,0.0209205020920502,339,361,0.939058171745152,NA,NA,NA,2.09205020920502,NA,False,False,False,False,True,False,70324
13170,TAATCTCAGAGAAGGT,840,719,371,0,401,0.17663421418637,385,401,0.960099750623441,NA,NA,NA,17.663421418637,NA,False,False,False,False,False,False,56925
248961,ATCATTCTCTGTCGCT,62,54,3,0,47,0.0925925925925925,30,47,0.638297872340426,NA,NA,NA,9.25925925925925,NA,False,False,False,False,True,False,86118
93539,ACCAACACAGACCTGC,1154,905,1106,0,466,0.0397790055248618,449,466,0.963519313304721,NA,NA,NA,3.97790055248618,NA,False,False,False,False,True,False,27299
38267,GAGTGAGAGTAATACG,928,805,446,0,413,0.0260869565217391,394,413,0.953995157384988,NA,NA,NA,2.60869565217391,NA,False,False,False,False,True,False,51459
59168,TCAATCTAGTCACGCC,959,796,717,0,452,0.028894472361809,438,452,0.969026548672566,NA,NA,NA,2.8894472361809,NA,False,False,False,False,True,False,33043
77507,GGTCACGAGAATCGCG,956,793,624,0,419,0.0327868852459016,397,419,0.947494033412888,NA,NA,NA,3.27868852459016,NA,False,False,False,False,True,False,48737
112671,CACTAAGAGAGAGCAA,941,827,460,0,431,0.0169286577992744,410,431,0.951276102088167,NA,NA,NA,1.69286577992744,NA,False,False,False,False,True,False,42995
51904,GTGTGGCAGAAACACT,947,792,500,0,427,0.0694444444444444,415,427,0.971896955503513,NA,NA,NA,6.94444444444444,NA,False,False,False,False,True,False,44780
6352,CTCCGATAGATCACTC,1078,877,730,0,468,0.131128848346636,453,468,0.967948717948718,NA,NA,NA,13.1128848346636,NA,False,False,False,False,True,False,26239
36502,GCTGGGTTCACCTGTC,983,798,727,0,440,0.037593984962406,419,440,0.952272727272727,NA,NA,NA,3.7593984962406,NA,False,False,False,False,True,False,38421
133687,TCTATCATCGGCTGTG,832,717,384,0,380,0.0292887029288702,360,380,0.947368421052632,NA,NA,NA,2.92887029288702,NA,False,False,False,False,True,False,65322
128361,TGACAGTGTGGTCTTA,111,94,31,0,73,0.0638297872340425,64,73,0.876712328767123,NA,NA,NA,6.38297872340425,NA,False,False,False,False,True,False,81133
86781,TCACAAGTCACGTAGT,978,827,497,0,439,0.0290205562273276,421,439,0.958997722095672,NA,NA,NA,2.90205562273276,NA,False,False,False,False,True,False,39048
125331,AGTAGCTGTGTTGACT,1010,862,611,0,460,0.037122969837587,441,460,0.958695652173913,NA,NA,NA,3.7122969837587,NA,False,False,False,False,True,False,29794
133241,AACGGGAGTACGACTT,179,160,46,0,127,0.025,94,127,0.740157480314961,NA,NA,NA,2.5,NA,False,False,False,False,True,False,78214
136806,AAACGCTGTTGCATCA,1156,936,806,0,505,0.017094017094017,479,505,0.948514851485148,NA,NA,NA,1.7094017094017,NA,False,False,False,False,True,False,15701
149970,TCAGCAAAGTATCTGC,49,46,5,0,34,0.0434782608695652,24,34,0.705882352941177,NA,NA,NA,4.34782608695652,NA,False,False,False,False,True,False,91462
95670,ACGGGTCAGGCTCACC,1156,968,726,0,503,0.0196280991735537,486,503,0.966202783300199,NA,NA,NA,1.96280991735537,NA,False,False,False,False,True,False,16107
42675,GGTAACTGTAGATTAG,42,35,4,0,29,0.114285714285714,23,29,0.793103448275862,NA,NA,NA,11.4285714285714,NA,False,False,False,False,True,False,94670
154711,TCTTCCTGTCCCACGA,133,41,18,0,35,0.0975609756097561,34,35,0.971428571428571,NA,NA,NA,9.75609756097561,NA,False,False,False,False,True,False,90876
210201,GAGGCAACATCCGAAT,32,31,0,0,27,0.161290322580645,18,27,0.666666666666667,NA,NA,NA,16.1290322580645,NA,False,False,False,False,True,False,96649
117240,TCATCCGAGTGTAGTA,932,775,553,0,414,0.04,397,414,0.958937198067633,NA,NA,NA,4,NA,False,False,False,False,True,False,51201
287945,CGCCATTGTGCCTTCT,43,35,5,0,24,0,10,24,0.416666666666667,NA,NA,NA,0,NA,False,False,False,False,True,False,99614
58963,TTCTGTAGTTAACAGA,966,799,597,0,465,0.0538172715894868,448,465,0.963440860215054,NA,NA,NA,5.38172715894868,NA,False,False,False,False,True,False,27626
15302,GTTCTATAGGTGCCTC,833,672,634,0,378,0.0163690476190476,361,378,0.955026455026455,NA,NA,NA,1.63690476190476,NA,False,False,False,False,True,False,65746
108428,TTGCATTGTGTCGCTG,985,837,573,0,466,0.043010752688172,447,466,0.959227467811159,NA,NA,NA,4.3010752688172,NA,False,False,False,False,True,False,27333
28526,CTGGCAGTCACAAGGG,1967,1655,1031,0,897,0.0175226586102719,872,897,0.972129319955407,0.00275907036848366,0,1,1.75226586102719,100,False,False,False,False,True,False,5346
71455,GATGACTTCGGTTAGT,1077,903,621,0,502,0.10077519379845,484,502,0.964143426294821,NA,NA,NA,10.077519379845,NA,False,False,False,False,True,False,16286
56422,CTTGAGACAGCATTGT,1128,945,640,0,528,0.0084656084656084,514,528,0.973484848484849,NA,NA,NA,0.84656084656084,NA,False,False,False,False,True,False,11661
97422,AAAGAACAGCAGGCAT,937,829,335,0,433,0.0205066344993968,414,433,0.956120092378753,NA,NA,NA,2.05066344993968,NA,False,False,False,False,True,False,41961
149382,AGTGATCAGATTAGCA,1006,846,545,0,448,0.0153664302600472,425,448,0.948660714285714,NA,NA,NA,1.53664302600472,NA,False,False,False,False,True,False,35003
179179,AGAAGTAAGGATTTAG,777,653,497,0,368,0.0153139356814701,344,368,0.934782608695652,NA,NA,NA,1.53139356814701,NA,False,False,False,False,True,False,68847
386848,AAGACAACATGTTCAG,42,39,11,0,25,0,15,25,0.6,NA,NA,NA,0,NA,False,False,False,False,True,False,98804
24916,AGAAGTATCCTCTAGC,820,698,437,0,399,0.0286532951289398,380,399,0.952380952380952,NA,NA,NA,2.86532951289398,NA,False,False,False,False,True,False,57858
102777,GTCCTCAAGCGAGGAG,942,791,598,0,424,0.0328697850821744,406,424,0.957547169811321,NA,NA,NA,3.28697850821744,NA,False,False,False,False,True,False,46392
85887,TCGTAGATCCAACACA,808,678,476,0,374,0.0176991150442477,360,374,0.962566844919786,NA,NA,NA,1.76991150442477,NA,False,False,False,False,True,False,67091
48118,TGACGCGTCCTCTCGA,861,703,566,0,392,0.0128022759601706,378,392,0.964285714285714,NA,NA,NA,1.28022759601706,NA,False,False,False,False,True,False,60699
16146,TAACACGCAGACCAAG,1092,928,527,0,477,0.0474137931034482,460,477,0.964360587002096,NA,NA,NA,4.74137931034482,NA,False,False,False,False,True,False,23124
12157,GTAATGCAGTGACCTT,959,801,464,0,457,0.15980024968789,446,457,0.975929978118162,NA,NA,NA,15.980024968789,NA,False,False,False,False,True,False,30719
97237,GACGCTGAGTCGAGGT,111,101,8,0,41,0.0396039603960396,40,41,0.975609756097561,NA,NA,NA,3.96039603960396,NA,False,False,False,False,True,False,87991
115876,TGGATGTAGCGATTCT,856,719,626,0,368,0.015299026425591,347,368,0.942934782608696,NA,NA,NA,1.5299026425591,NA,False,False,False,False,True,False,68781
197519,CCGGGTACATGGAAGC,72,66,9,0,62,0.0757575757575757,61,62,0.983870967741935,NA,NA,NA,7.57575757575757,NA,False,False,False,False,True,False,82722
47279,CTTTCAATCTCCATAT,862,690,653,0,420,0.0478260869565217,401,420,0.954761904761905,NA,NA,NA,4.78260869565217,NA,False,False,False,False,True,False,48138
60451,TTCATGTGTTCACCGG,837,701,599,0,372,0.0085592011412268,360,372,0.967741935483871,NA,NA,NA,0.85592011412268,NA,False,False,False,False,True,False,67652
85497,GGGTCACGTTGGCTAT,1152,947,693,0,513,0.0295670538542766,498,513,0.970760233918129,NA,NA,NA,2.95670538542766,NA,False,False,False,False,True,False,14052
43119,TTCCTAATCTATTGTC,760,619,622,0,363,0.0048465266558966,344,363,0.947658402203857,NA,NA,NA,0.48465266558966,NA,False,False,False,False,True,False,69875
32862,ATCGTGATCCCTCATG,854,733,331,0,420,0.0286493860845839,405,420,0.964285714285714,NA,NA,NA,2.86493860845839,NA,False,False,False,False,True,False,48078
153581,AGGGTGAGTGTGTGTT,866,765,263,0,411,0.0235294117647058,390,411,0.948905109489051,NA,NA,NA,2.35294117647058,NA,False,False,False,False,True,False,52717
14031,CTAGACAGTGGGTCAA,965,789,586,0,435,0.120405576679341,422,435,0.970114942528736,NA,NA,NA,12.0405576679341,NA,False,False,False,False,True,False,40695
14290,ACAGGGAAGATGTTGA,935,804,533,0,410,0.0149253731343283,394,410,0.960975609756098,NA,NA,NA,1.49253731343283,NA,False,False,False,False,True,False,52798
89731,AGGAAATGTATCGGTT,941,784,558,0,429,0.0535714285714285,407,429,0.948717948717949,NA,NA,NA,5.35714285714285,NA,False,False,False,False,True,False,43891
74010,GATTCTTCAAGCGCAA,883,730,573,0,376,0.0136986301369863,355,376,0.944148936170213,NA,NA,NA,1.36986301369863,NA,False,False,False,False,True,False,66497
50238,TTTGGAGCATGGAACG,1194,984,748,0,527,0.0436991869918699,505,527,0.958254269449715,NA,NA,NA,4.36991869918699,NA,False,False,False,False,True,False,11791
157965,ACTGCAACAGTCAGCC,970,801,726,0,424,0.0074906367041198,400,424,0.943396226415094,NA,NA,NA,0.74906367041198,NA,False,False,False,False,True,False,46492
60037,TAGGGTTCAGTAGATA,959,796,642,0,470,0.0653266331658291,447,470,0.951063829787234,NA,NA,NA,6.53266331658291,NA,False,False,False,False,True,False,25681
14862,AGGCCACTCCCGAACG,1505,1264,751,0,635,0.0893987341772152,618,635,0.973228346456693,0.000131326116388664,0,1,8.93987341772152,100,False,False,False,False,True,False,6645
130781,AACAAAGAGTGCTACT,44,40,12,0,35,0.075,26,35,0.742857142857143,NA,NA,NA,7.5,NA,False,False,False,False,True,False,90844
202774,AGGTCATCAACCCTAA,38,30,4,0,26,0,25,26,0.961538461538462,NA,NA,NA,0,NA,False,False,False,False,True,False,97457
491435,GGAGGATAGCGACTGA,53,50,1,0,46,0,43,46,0.934782608695652,NA,NA,NA,0,NA,False,False,False,False,True,False,86480
69697,TTCCTCTTCGCTACGG,1058,813,1149,0,464,0.031980319803198,436,464,0.939655172413793,NA,NA,NA,3.1980319803198,NA,False,False,False,False,True,False,28027
19387,GGGATGAGTCATCAGT,868,739,383,0,402,0.0392422192151556,381,402,0.947761194029851,NA,NA,NA,3.92422192151556,NA,False,False,False,False,True,False,56494
66883,CTTCCTTCAGTGCGCT,822,675,560,0,392,0.0459259259259259,371,392,0.946428571428571,NA,NA,NA,4.59259259259259,NA,False,False,False,False,True,False,60757
42373,CATTCCGGTGAATATG,972,799,618,0,430,0.0125156445556946,407,430,0.946511627906977,NA,NA,NA,1.25156445556946,NA,False,False,False,False,True,False,43292
32213,TTTAGTCCAACCACGC,1079,882,623,0,488,0.0623582766439909,465,488,0.952868852459016,NA,NA,NA,6.23582766439909,NA,False,False,False,False,True,False,19797
214582,CCACGTTGTCGGCACT,910,737,774,0,412,0.0203527815468114,387,412,0.939320388349515,NA,NA,NA,2.03527815468114,NA,False,False,False,False,True,False,52317
31324,TAGGTTGTCGCTCTAC,62,56,10,0,51,0.0357142857142857,42,51,0.823529411764706,NA,NA,NA,3.57142857142857,NA,False,False,False,False,True,False,84820
35965,TACCCGTGTAATTGGA,944,807,396,0,465,0.0520446096654275,451,465,0.96989247311828,NA,NA,NA,5.20446096654275,NA,False,False,False,False,True,False,27538
217860,CATGGATCAGTCGTTA,34,30,2,0,30,0.0666666666666666,26,30,0.866666666666667,NA,NA,NA,6.66666666666666,NA,False,False,False,False,True,False,94316
42412,CATTGCCGTAGCGTTT,1132,937,673,0,510,0.0522945570971184,482,510,0.945098039215686,NA,NA,NA,5.22945570971184,NA,False,False,False,False,True,False,14592
48554,TACAACGCACGCGTCA,1103,899,916,0,439,0.014460511679644,424,439,0.965831435079727,NA,NA,NA,1.4460511679644,NA,False,False,False,False,True,False,38920
33237,CAGTTCCTCCATAAGC,1229,976,1053,0,523,0.0317622950819672,497,523,0.950286806883365,NA,NA,NA,3.17622950819672,NA,False,False,False,False,True,False,12320
47833,GTAGATCTCCGGACTG,835,704,420,0,368,0.049715909090909,341,368,0.926630434782609,NA,NA,NA,4.9715909090909,NA,False,False,False,False,True,False,68681
73622,TCGGGCATCCGTGACG,1036,831,842,0,461,0.0204572803850782,442,461,0.958785249457701,NA,NA,NA,2.04572803850782,NA,False,False,False,False,True,False,29280
48855,GGGACAAAGCCTCATA,994,858,489,0,444,0.0279720279720279,430,444,0.968468468468468,NA,NA,NA,2.79720279720279,NA,False,False,False,False,True,False,36644
18119,CGAAGGACACACAGAG,959,817,505,0,442,0.0342717258261933,425,442,0.961538461538462,NA,NA,NA,3.42717258261933,NA,False,False,False,False,True,False,37418
31673,ATGGGTTAGCGTTCAT,1102,938,591,0,525,0.0831556503198294,503,525,0.958095238095238,NA,NA,NA,8.31556503198294,NA,False,False,False,False,True,False,12027
134010,GGGAGTATCGTTGTGA,848,702,374,0,410,0.0698005698005698,396,410,0.965853658536585,NA,NA,NA,6.98005698005698,NA,False,False,False,False,True,False,53167
72231,TCTTAGTTCGCGAAGA,861,747,420,0,432,0.14190093708166,411,432,0.951388888888889,NA,NA,NA,14.190093708166,NA,False,False,False,False,True,False,42383
19624,GACTGATGTAAGATCA,846,681,555,0,386,0.0484581497797356,370,386,0.958549222797927,NA,NA,NA,4.84581497797356,NA,False,False,False,False,True,False,62916
30475,GTACAGTCAGCATACT,1042,860,666,0,424,0.0162790697674418,408,424,0.962264150943396,NA,NA,NA,1.62790697674418,NA,False,False,False,False,True,False,46166
24564,ATACCTTAGGTAGTAT,909,759,504,0,431,0.0579710144927536,411,431,0.953596287703016,NA,NA,NA,5.79710144927536,NA,False,False,False,False,True,False,42705
48869,CATAAGCTCCGTCACT,967,827,609,0,431,0.0145102781136638,406,431,0.94199535962877,NA,NA,NA,1.45102781136638,NA,False,False,False,False,True,False,42798
50970,ACTGATGGTCGACGCT,970,778,771,0,412,0.0257069408740359,400,412,0.970873786407767,NA,NA,NA,2.57069408740359,NA,False,False,False,False,True,False,52020
30310,CGAGAAGAGGTACATA,1107,967,435,0,529,0.0765253360910031,508,529,0.960302457466919,NA,NA,NA,7.65253360910031,NA,False,False,False,False,True,False,11487
50445,ATCGCCTAGTGCCAGA,1085,911,760,0,468,0.0384193194291986,446,468,0.952991452991453,NA,NA,NA,3.84193194291986,NA,False,False,False,False,True,False,26403
34947,CGATGGCGTGTCGCTG,1136,955,675,0,539,0.0209424083769633,521,539,0.966604823747681,NA,NA,NA,2.09424083769633,NA,False,False,False,False,True,False,10346
130150,CAACAGTAGGCACTAG,1053,885,767,0,467,0.0180790960451977,443,467,0.948608137044968,NA,NA,NA,1.80790960451977,NA,False,False,False,False,True,False,26933
17391,ACTGTCCAGGGCAGTT,1898,1605,1049,0,826,0.0242990654205607,796,826,0.963680387409201,0.000147616461617872,0,1,2.42990654205607,100,False,False,False,False,True,False,5656
118117,AACAACCGTAGCCCTG,1088,931,538,0,489,0.0118152524167561,457,489,0.934560327198364,NA,NA,NA,1.18152524167561,NA,False,False,False,False,True,False,19654
298462,GTGGTTACAGTTCCAA,36,32,1,0,29,0,24,29,0.827586206896552,NA,NA,NA,0,NA,False,False,False,False,True,False,95228
28174,ACTGTCCGTGTTTACG,1147,975,724,0,535,0.0369230769230769,514,535,0.960747663551402,NA,NA,NA,3.69230769230769,NA,False,False,False,False,True,False,10803
71328,ACGATCACAGAGTGTG,861,748,460,0,412,0.0187165775401069,403,412,0.978155339805825,NA,NA,NA,1.87165775401069,NA,False,False,False,False,True,False,52091
209462,TCATACTAGTAGACAT,62,52,13,0,31,0,7,31,0.225806451612903,NA,NA,NA,0,NA,False,False,False,False,True,False,93566
32944,CGAGAAGAGGTCCCTG,757,669,215,0,376,0.0313901345291479,358,376,0.952127659574468,NA,NA,NA,3.13901345291479,NA,False,False,False,False,True,False,66412
102929,AGAAGTATCGCATGAT,846,719,351,0,412,0.0361613351877607,396,412,0.961165048543689,NA,NA,NA,3.61613351877607,NA,False,False,False,False,True,False,52175
18813,CTGTGGGAGCACTCAT,918,733,655,0,400,0.113233287858117,378,400,0.945,NA,NA,NA,11.3233287858117,NA,False,False,False,False,True,False,57407
30210,GCATCGGAGCAGCCCT,824,693,499,0,373,0.0649350649350649,358,373,0.959785522788204,NA,NA,NA,6.49350649350649,NA,False,False,False,False,True,False,67316
251368,ATTCCTACAACGTTAC,76,62,20,0,49,0.064516129032258,41,49,0.836734693877551,NA,NA,NA,6.4516129032258,NA,False,False,False,False,True,False,85515
203656,AACAAAGGTTGGTACT,910,759,520,0,429,0.0092226613965744,409,429,0.953379953379953,NA,NA,NA,0.92226613965744,NA,False,False,False,False,True,False,44075
122322,TAACCAGCAGGCACTC,1152,951,781,0,517,0.0147213459516298,487,517,0.941972920696325,NA,NA,NA,1.47213459516298,NA,False,False,False,False,True,False,13316
37561,ACTATTCGTATGCTAC,1057,886,515,0,491,0.136568848758465,473,491,0.963340122199593,NA,NA,NA,13.6568848758465,NA,False,False,False,False,True,False,18942
368201,TCTTTGACAGGTATGG,82,75,6,0,65,0.04,51,65,0.784615384615385,NA,NA,NA,4,NA,False,False,False,False,True,False,82309
108982,CATCCCACATTCTCTA,1124,927,712,0,503,0.0215749730312837,482,503,0.958250497017893,NA,NA,NA,2.15749730312837,NA,False,False,False,False,True,False,16122
21306,TTGCGTCTCATGCATG,1032,811,927,0,460,0.0505548705302096,439,460,0.954347826086957,NA,NA,NA,5.05548705302096,NA,False,False,False,False,True,False,29511
94085,GACCCTTGTCGAGATG,806,647,651,0,349,0.0463678516228748,333,349,0.954154727793696,NA,NA,NA,4.63678516228748,NA,False,False,False,False,True,False,72588
80800,TCTTGCGCACTACCCT,964,792,761,0,399,0.034090909090909,377,399,0.944862155388471,NA,NA,NA,3.4090909090909,NA,False,False,False,False,True,False,58010
183801,CTCCCAAGTAAGCTCT,882,770,357,0,436,0.0142857142857142,418,436,0.958715596330275,NA,NA,NA,1.42857142857142,NA,False,False,False,False,True,False,40637
84479,AGGACGAGTCAAAGCG,1888,1626,901,0,833,0.018450184501845,795,833,0.95438175270108,0.000419538904679939,0,1,1.8450184501845,100,False,False,False,False,True,False,5639
4703,ACCCTCACAATTTCTC,72,64,18,0,46,0.015625,7,46,0.152173913043478,NA,NA,NA,1.5625,NA,False,False,False,False,True,False,86168
167010,TCTTTGATCCGCATAA,762,655,402,0,377,0.0183206106870229,360,377,0.954907161803713,NA,NA,NA,1.83206106870229,NA,False,False,False,False,True,False,66336
119295,AGTTCGAAGGAAGAAC,1100,973,303,0,534,0.0719424460431654,517,534,0.968164794007491,NA,NA,NA,7.19424460431654,NA,False,False,False,False,True,False,10968
83992,TGAGCATGTCAACGCC,1071,889,677,0,468,0.0269966254218222,446,468,0.952991452991453,NA,NA,NA,2.69966254218222,NA,False,False,False,False,True,False,26496
233542,GCGGATCCAATGAAAC,86,80,11,0,44,0,21,44,0.477272727272727,NA,NA,NA,0,NA,False,False,False,False,True,False,87054
297570,AACCATGGTTCTCGCT,109,98,12,0,89,0.010204081632653,77,89,0.865168539325843,NA,NA,NA,1.0204081632653,NA,False,False,False,False,True,False,79796
236663,TACTTACGTGTTTGCA,46,42,1,0,27,0,3,27,0.111111111111111,NA,NA,NA,0,NA,False,False,False,False,True,False,96742
13388,ACAAGCTAGAATAACC,1081,923,450,0,487,0.0715059588299024,470,487,0.965092402464066,NA,NA,NA,7.15059588299024,NA,False,False,False,False,True,False,20023
51142,AGTAACCGTAGAGATT,1009,845,491,0,477,0.0130177514792899,457,477,0.958071278825996,NA,NA,NA,1.30177514792899,NA,False,False,False,False,True,False,23224
46192,CCGATGGGTCCTGGTG,862,726,560,0,380,0.0234159779614325,372,380,0.978947368421053,NA,NA,NA,2.34159779614325,NA,False,False,False,False,True,False,65153
46513,TTCCACGTCTCTGAGA,1049,859,628,0,473,0.0256111757857974,458,473,0.968287526427061,NA,NA,NA,2.56111757857974,NA,False,False,False,False,True,False,24564
133175,TTCAATCAGAGGTATT,883,756,422,0,408,0.0251322751322751,390,408,0.955882352941177,NA,NA,NA,2.51322751322751,NA,False,False,False,False,True,False,54047
23614,TGTAGACAGGCGTCCT,913,785,449,0,471,0.0165605095541401,457,471,0.970276008492569,NA,NA,NA,1.65605095541401,NA,False,False,False,False,True,False,25165
56091,ACAAAGAAGTAGTCTC,917,771,511,0,448,0.0583657587548638,422,448,0.941964285714286,NA,NA,NA,5.83657587548638,NA,False,False,False,False,True,False,34827
29934,TAGGAGGAGCAATAAC,1073,896,497,0,476,0.0133928571428571,454,476,0.953781512605042,NA,NA,NA,1.33928571428571,NA,False,False,False,False,True,False,23503
5679,GCCGTGAGTTCTCTCG,1025,838,786,0,454,0.0143198090692124,440,454,0.969162995594714,NA,NA,NA,1.43198090692124,NA,False,False,False,False,True,False,31977
146614,ACTCCCAGTGTTGAGG,837,687,472,0,382,0.0160116448326055,361,382,0.945026178010471,NA,NA,NA,1.60116448326055,NA,False,False,False,False,True,False,64671
55144,ATCACTTGTCTTGAAC,1058,904,546,0,481,0.0154867256637168,454,481,0.943866943866944,NA,NA,NA,1.54867256637168,NA,False,False,False,False,True,False,21926
67322,TCTAACTGTCATCACA,187,51,8,0,48,0.0196078431372549,46,48,0.958333333333333,NA,NA,NA,1.96078431372549,NA,False,False,False,False,True,False,85600
123538,GTAGATCAGTGTTGAA,942,798,517,0,438,0.0175438596491228,419,438,0.95662100456621,NA,NA,NA,1.75438596491228,NA,False,False,False,False,True,False,39602
16591,TTACCATGTCGGTGAA,1072,865,903,0,444,0.0878612716763005,420,444,0.945945945945946,NA,NA,NA,8.78612716763005,NA,False,False,False,False,True,False,36505
50931,GGAGAACCAAGCCCAC,1146,972,635,0,477,0.0288065843621399,458,477,0.960167714884696,NA,NA,NA,2.88065843621399,NA,False,False,False,False,True,False,23222
32620,CGTGAATGTCAGCGTC,709,612,340,0,350,0.0392156862745098,334,350,0.954285714285714,NA,NA,NA,3.92156862745098,NA,False,False,False,False,True,False,72369
157651,TCGTAGACATGACTCA,70,68,8,0,54,0.0147058823529411,15,54,0.277777777777778,NA,NA,NA,1.47058823529411,NA,False,False,False,False,True,False,84161
28925,CACACAACATGCCATA,814,728,260,0,395,0.0206043956043956,380,395,0.962025316455696,NA,NA,NA,2.06043956043956,NA,False,False,False,False,True,False,59499
46856,GGGCTACAGTCGAGGT,227,209,34,0,88,0.0861244019138756,81,88,0.920454545454545,NA,NA,NA,8.61244019138756,NA,False,False,False,False,True,False,79806
436605,CTCCTTTAGCAGGCTA,28,27,0,0,24,0,20,24,0.833333333333333,NA,NA,NA,0,NA,False,False,False,False,True,False,99833
81061,TAACACGCAGGACGAT,977,841,511,0,430,0.0546967895362663,413,430,0.96046511627907,NA,NA,NA,5.46967895362663,NA,False,False,False,False,True,False,43412
132102,CCGTTCACACATACTG,51,47,15,0,40,0.106382978723404,32,40,0.8,NA,NA,NA,10.6382978723404,NA,False,False,False,False,True,False,88430
149338,ATGGTTGGTAATGCTC,32,30,0,0,24,0.0333333333333333,21,24,0.875,NA,NA,NA,3.33333333333333,NA,False,False,False,False,True,False,99111
61843,CACTGAAAGACGAAGA,445,387,209,0,216,0.219638242894057,203,216,0.939814814814815,NA,NA,NA,21.9638242894057,NA,False,False,False,False,False,False,77038
266807,TCGACGGTCAGGAAGC,44,37,7,0,30,0.054054054054054,24,30,0.8,NA,NA,NA,5.4054054054054,NA,False,False,False,False,True,False,94432
57772,TCTCCGACATTCACCC,927,721,900,0,380,0.0263522884882108,354,380,0.931578947368421,NA,NA,NA,2.63522884882108,NA,False,False,False,False,True,False,65191
17094,TGGAGAGGTGGATCAG,957,816,519,0,458,0.0490196078431372,439,458,0.958515283842795,NA,NA,NA,4.90196078431372,NA,False,False,False,False,True,False,30317
29447,ATAGGCTAGCAACAGC,1074,906,531,0,500,0.129139072847682,468,500,0.936,NA,NA,NA,12.9139072847682,NA,False,False,False,False,True,False,16653
92145,GTGGGAATCGAATCCA,1002,860,417,0,449,0.0162790697674418,427,449,0.951002227171492,NA,NA,NA,1.62790697674418,NA,False,False,False,False,True,False,34461
49467,GGGTGTCGTTACGGAG,842,698,498,0,400,0.0444126074498567,382,400,0.955,NA,NA,NA,4.44126074498567,NA,False,False,False,False,True,False,57519
60268,CCCGAAGAGACATCAA,1038,834,766,0,440,0.026378896882494,418,440,0.95,NA,NA,NA,2.6378896882494,NA,False,False,False,False,True,False,38496
62884,TGTGGCGAGACGACTG,1158,966,772,0,496,0.031055900621118,471,496,0.949596774193548,NA,NA,NA,3.1055900621118,NA,False,False,False,False,True,False,17677
88515,ATTCCATCAGCTATAC,856,652,935,0,366,0.0260736196319018,344,366,0.939890710382514,NA,NA,NA,2.60736196319018,NA,False,False,False,False,True,False,69265
221228,TCACACCCAATGGCAG,45,44,1,0,38,0.0454545454545454,33,38,0.868421052631579,NA,NA,NA,4.54545454545454,NA,False,False,False,False,True,False,89519
172458,TTGTTTGAGGTGCCAA,47,45,7,0,40,0,34,40,0.85,NA,NA,NA,0,NA,False,False,False,False,True,False,88496
121674,ACATTTCAGCGTGTTT,787,670,384,0,366,0.053731343283582,353,366,0.96448087431694,NA,NA,NA,5.3731343283582,NA,False,False,False,False,True,False,69314
138621,TGTTACTCAGATTAAG,898,779,365,0,417,0.017971758664955,396,417,0.949640287769784,NA,NA,NA,1.7971758664955,NA,False,False,False,False,True,False,49838
168513,TACTGCCGTTCGGTCG,82,75,4,0,61,0.0666666666666666,53,61,0.868852459016393,NA,NA,NA,6.66666666666666,NA,False,False,False,False,True,False,82835
43044,TGTGAGTTCGAATCCA,1022,851,553,0,459,0.113983548766157,446,459,0.971677559912854,NA,NA,NA,11.3983548766157,NA,False,False,False,False,True,False,30012
168026,TTTAGTCGTCTACATG,739,627,405,0,351,0.0095693779904306,332,351,0.945868945868946,NA,NA,NA,0.95693779904306,NA,False,False,False,False,True,False,72327
19037,CCACCATGTGGCTAGA,1109,925,628,0,505,0.081081081081081,490,505,0.97029702970297,NA,NA,NA,8.1081081081081,NA,False,False,False,False,True,False,15553
30269,TGTCCCACAGCCTATA,944,778,570,0,452,0.0385604113110539,437,452,0.966814159292035,NA,NA,NA,3.85604113110539,NA,False,False,False,False,True,False,32936
17511,CATGCTCAGCTGACTT,850,715,545,0,374,0.0293706293706293,351,374,0.938502673796791,NA,NA,NA,2.93706293706293,NA,False,False,False,False,True,False,66959
92677,GTCGAATCACGTCTCT,829,683,549,0,401,0.0234260614934114,386,401,0.962593516209476,NA,NA,NA,2.34260614934114,NA,False,False,False,False,True,False,57159
99098,GAGTTGTAGATTAGAC,820,698,499,0,375,0.0128939828080229,366,375,0.976,NA,NA,NA,1.28939828080229,NA,False,False,False,False,True,False,66814
132684,GCAGTTAAGACATATG,1009,815,709,0,455,0.0319018404907975,430,455,0.945054945054945,NA,NA,NA,3.19018404907975,NA,False,False,False,False,True,False,31907
238945,CTTACCGCATTATGCG,48,45,3,0,40,0.0666666666666666,30,40,0.75,NA,NA,NA,6.66666666666666,NA,False,False,False,False,True,False,88639
64275,AATGGAAGTCATGCAT,1187,976,856,0,548,0.0522540983606557,526,548,0.95985401459854,NA,NA,NA,5.22540983606557,NA,False,False,False,False,True,False,9609
53780,GGAGGATAGTCCCTAA,971,826,446,0,429,0.0121065375302663,417,429,0.972027972027972,NA,NA,NA,1.21065375302663,NA,False,False,False,False,True,False,43783
13954,AGGTTACCAACAGCTT,986,819,543,0,448,0.0158730158730158,421,448,0.939732142857143,NA,NA,NA,1.58730158730158,NA,False,False,False,False,True,False,34662
17637,GTCTAGACATAGGTTC,810,674,582,0,371,0.0445103857566765,358,371,0.964959568733154,NA,NA,NA,4.45103857566765,NA,False,False,False,False,True,False,67843
263449,TCGTAGACATCGAGCC,57,51,5,0,46,0.0196078431372549,41,46,0.891304347826087,NA,NA,NA,1.96078431372549,NA,False,False,False,False,True,False,86439
91432,GCACATATCCTTCTTC,1349,1139,826,0,591,0.0482879719051799,562,591,0.95093062605753,NA,NA,NA,4.82879719051799,NA,False,False,False,False,True,False,7404
78154,AAAGTGAGTACCGTCG,905,761,549,0,433,0.0709592641261498,419,433,0.967667436489607,NA,NA,NA,7.09592641261498,NA,False,False,False,False,True,False,41900
57511,TCTATACGTGAGTGAC,921,791,442,0,448,0.0897597977243995,430,448,0.959821428571429,NA,NA,NA,8.97597977243995,NA,False,False,False,False,True,False,34836
55139,TACAGGTAGGCCATAG,1086,901,678,0,502,0.0188679245283018,473,502,0.942231075697211,NA,NA,NA,1.88679245283018,NA,False,False,False,False,True,False,16258
22717,TGCACGGAGAGGATCC,953,818,426,0,438,0.10880195599022,425,438,0.970319634703196,NA,NA,NA,10.880195599022,NA,False,False,False,False,True,False,39321
33676,TACTGCCGTTCGCGTG,1079,881,740,0,462,0.0567536889897843,446,462,0.965367965367965,NA,NA,NA,5.67536889897843,NA,False,False,False,False,True,False,28759
186854,ATGGGTTCATGGGCAA,58,52,3,0,51,0.0192307692307692,46,51,0.901960784313726,NA,NA,NA,1.92307692307692,NA,False,False,False,False,True,False,84936
160356,AACCATGTCGCTCATC,923,761,603,0,420,0.0118265440210249,406,420,0.966666666666667,NA,NA,NA,1.18265440210249,NA,False,False,False,False,True,False,48439
122487,AACCAACAGGACAACC,1102,889,890,0,466,0.014623172103487,442,466,0.948497854077253,NA,NA,NA,1.4623172103487,NA,False,False,False,False,True,False,27358
132722,CTTAGGATCTTGTTAC,728,630,386,0,359,0.0111111111111111,345,359,0.96100278551532,NA,NA,NA,1.11111111111111,NA,False,False,False,False,True,False,70820
228,GAGTTGTAGCTGTGCC,33999,31258,3522,0,14242,0.207946765627999,8487,14242,0.595913495295605,0.999996781349182,12726,0.10644572391518,20.7946765627999,10.644572391518,True,True,True,True,False,False,2779
21926,TGTAAGCCAACCTAAC,1061,899,519,0,482,0.0111234705228031,462,482,0.95850622406639,NA,NA,NA,1.11234705228031,NA,False,False,False,False,True,False,21504
152878,TTCTTGACAGCCATTA,887,715,724,0,405,0.0153846153846153,385,405,0.950617283950617,NA,NA,NA,1.53846153846153,NA,False,False,False,False,True,False,55469
59000,TGATTTCCAGGCACTC,957,778,721,0,399,0.0141388174807197,374,399,0.93734335839599,NA,NA,NA,1.41388174807197,NA,False,False,False,False,True,False,57963
179096,ATGGGTTGTTCAATCG,804,686,397,0,347,0.0072886297376093,323,347,0.930835734870317,NA,NA,NA,0.72886297376093,NA,False,False,False,False,True,False,72959
160942,TGGTTAGGTCCATAGT,828,686,642,0,381,0.0204081632653061,360,381,0.94488188976378,NA,NA,NA,2.04081632653061,NA,False,False,False,False,True,False,65029
280,TGAGCGCAGTCCCGGT,70943,64404,7913,0,31752,0.264952487423141,19627,31752,0.618134290753338,0.999954581260681,30770,0.0309271856890905,26.4952487423141,3.09271856890905,True,True,True,True,False,False,886
31820,AAAGAACTCAAAGACA,1081,905,550,0,497,0.0662983425414364,470,497,0.945674044265594,NA,NA,NA,6.62983425414364,NA,False,False,False,False,True,False,17345
164905,CTGGCAGGTTGAATCC,870,727,483,0,395,0.0206327372764786,374,395,0.946835443037975,NA,NA,NA,2.06327372764786,NA,False,False,False,False,True,False,59785
111932,CTGCCTAGTCCAGCGT,934,779,682,0,422,0.0141206675224646,405,422,0.959715639810427,NA,NA,NA,1.41206675224646,NA,False,False,False,False,True,False,47420
131220,TGGTACAAGGGATGTC,907,764,494,0,418,0.037958115183246,402,418,0.961722488038278,NA,NA,NA,3.7958115183246,NA,False,False,False,False,True,False,49307
79402,CGGGTGTCAACACTAC,1055,894,530,0,445,0.0715883668903803,431,445,0.968539325842697,NA,NA,NA,7.15883668903803,NA,False,False,False,False,True,False,36255
147745,TCCTGCACATACTGAC,1206,947,1066,0,509,0.0232312565997888,482,509,0.946954813359528,NA,NA,NA,2.32312565997888,NA,False,False,False,False,True,False,14882
87735,GTTGCGGAGTATCTGC,697,575,481,0,305,0.0382608695652173,294,305,0.963934426229508,NA,NA,NA,3.82608695652173,NA,False,False,False,False,True,False,75846
115807,GTAATCGTCCCTCGAT,987,827,630,0,444,0.0072551390568319,414,444,0.932432432432432,NA,NA,NA,0.72551390568319,NA,False,False,False,False,True,False,36818
411383,GTAATGCTCCAACTAG,44,37,15,0,36,0.081081081081081,29,36,0.805555555555556,NA,NA,NA,8.1081081081081,NA,False,False,False,False,True,False,90709
29704,GAAGGACGTAACAAGT,1106,943,528,0,507,0.04135737009544,492,507,0.970414201183432,NA,NA,NA,4.135737009544,NA,False,False,False,False,True,False,15178
153140,GGTTGTAAGTAGTCAA,935,783,499,0,424,0.0178799489144316,416,424,0.981132075471698,NA,NA,NA,1.78799489144316,NA,False,False,False,False,True,False,46478
142098,CGTAGTATCAACCTCC,868,711,559,0,384,0.0126582278481012,369,384,0.9609375,NA,NA,NA,1.26582278481012,NA,False,False,False,False,True,False,63942
28364,CGCGTGACAGAGTAAT,289,253,51,0,198,0.0513833992094861,158,198,0.797979797979798,NA,NA,NA,5.13833992094861,NA,False,False,False,False,True,False,77228
154850,AATCGACAGCAACTTC,50,48,2,0,40,0.0625,26,40,0.65,NA,NA,NA,6.25,NA,False,False,False,False,True,False,88452
234662,TCCCATGGTCGACGCT,30,28,3,0,24,0.0714285714285714,24,24,1,NA,NA,NA,7.14285714285714,NA,False,False,False,False,True,False,99451
32708,CAGCAGCTCTTGCGCT,1158,1015,497,0,568,0.0532019704433497,531,568,0.934859154929577,NA,NA,NA,5.32019704433497,NA,False,False,False,False,True,False,8321
99539,TAGATCGAGGTTCATC,1002,848,538,0,463,0.025943396226415,440,463,0.950323974082073,NA,NA,NA,2.5943396226415,NA,False,False,False,False,True,False,28528
121248,AGAACCTGTGCGTGCT,1124,958,634,0,492,0.022964509394572,469,492,0.953252032520325,NA,NA,NA,2.2964509394572,NA,False,False,False,False,True,False,18795
4676,CACTGTCAGGTAACTA,14562,13026,2807,0,5494,0.25103638876094,3462,5494,0.630141973061522,0.999998807907104,3425,0.37659264652348,25.103638876094,37.659264652348,True,True,True,True,False,False,4002
148716,CAGGCCAAGTCACAGG,182,32,10,0,30,0.03125,27,30,0.9,NA,NA,NA,3.125,NA,False,False,False,False,True,False,94086
171695,ACAAGCTAGAGGATGA,58,48,4,0,41,0.0833333333333333,35,41,0.853658536585366,NA,NA,NA,8.33333333333333,NA,False,False,False,False,True,False,88081
12107,TTCCGTGGTGAAGCTG,915,759,636,0,393,0.0263504611330698,379,393,0.964376590330789,NA,NA,NA,2.63504611330698,NA,False,False,False,False,True,False,60212
74699,GACGCTGTCGTTCGCT,60,55,4,0,45,0.0909090909090909,36,45,0.8,NA,NA,NA,9.09090909090909,NA,False,False,False,False,True,False,86525
66700,GTGGAAGTCATGGGAG,1179,1003,518,0,541,0.10568295114656,521,541,0.963031423290203,NA,NA,NA,10.568295114656,NA,False,False,False,False,True,False,10187
116499,GGTTGTAGTGTTCCTC,938,768,768,0,426,0.03125,408,426,0.957746478873239,NA,NA,NA,3.125,NA,False,False,False,False,True,False,45431
84986,CTACTATGTGCCGAAA,1054,820,923,0,452,0.0292682926829268,430,452,0.951327433628319,NA,NA,NA,2.92682926829268,NA,False,False,False,False,True,False,33104
11945,ACTATTCCACGCTTAA,916,757,615,0,436,0.0422721268163804,423,436,0.970183486238532,NA,NA,NA,4.22721268163804,NA,False,False,False,False,True,False,40194
22553,TATCCTAAGTGCTCGC,812,671,471,0,412,0.0506706408345752,393,412,0.953883495145631,NA,NA,NA,5.06706408345752,NA,False,False,False,False,True,False,51912
25260,TCGGGACAGGAGGGTG,950,795,527,0,439,0.122012578616352,414,439,0.943052391799544,NA,NA,NA,12.2012578616352,NA,False,False,False,False,True,False,38846
37718,AGGGCCTCATGTTTGG,974,801,705,0,439,0.0536828963795255,421,439,0.958997722095672,NA,NA,NA,5.36828963795255,NA,False,False,False,False,True,False,38887
57955,TTCTTCCTCGCGTCGA,586,512,239,0,315,0.046875,300,315,0.952380952380952,NA,NA,NA,4.6875,NA,False,False,False,False,True,False,75517
52679,TAGACTGAGATAACGT,1130,952,611,0,539,0.0829831932773109,515,539,0.955473098330241,NA,NA,NA,8.29831932773109,NA,False,False,False,False,True,False,10358
167910,TCCTTTCGTAGAATGT,792,624,687,0,361,0.0032051282051282,342,361,0.947368421052632,NA,NA,NA,0.32051282051282,NA,False,False,False,False,True,False,70443
74810,AGGTTGTGTAGCTGCC,90,76,12,0,64,0.0657894736842105,59,64,0.921875,NA,NA,NA,6.57894736842105,NA,False,False,False,False,True,False,82337
201349,GTGTGATAGCAATAGT,73,65,2,0,57,0.0769230769230769,53,57,0.929824561403509,NA,NA,NA,7.69230769230769,NA,False,False,False,False,True,False,83598
287484,TACTTGTAGTCCCAAT,63,53,12,0,46,0.0566037735849056,34,46,0.739130434782609,NA,NA,NA,5.66037735849056,NA,False,False,False,False,True,False,86450
20726,AACAAAGCAGGCAATG,865,706,484,0,380,0.0439093484419263,362,380,0.952631578947368,NA,NA,NA,4.39093484419263,NA,False,False,False,False,True,False,65098
120608,CTCCTCCGTCGACGCT,866,741,482,0,380,0.0418353576248313,361,380,0.95,NA,NA,NA,4.18353576248313,NA,False,False,False,False,True,False,65301
4606,TTGACCCTCAGAGTGG,782,670,380,0,320,0.134328358208955,229,320,0.715625,NA,NA,NA,13.4328358208955,NA,False,False,False,False,True,False,75283
44183,TTCAGGAAGAAGAACG,896,727,728,0,420,0.0110041265474552,405,420,0.964285714285714,NA,NA,NA,1.10041265474552,NA,False,False,False,False,True,False,48122
101546,CTCCATGAGATACAGT,998,856,513,0,454,0.0338785046728971,434,454,0.955947136563877,NA,NA,NA,3.38785046728971,NA,False,False,False,False,True,False,32301
48080,TTCACGCTCTTTCTAG,1005,829,678,0,436,0.0156815440289505,417,436,0.956422018348624,NA,NA,NA,1.56815440289505,NA,False,False,False,False,True,False,40341
44797,GCCATGGGTCATAACC,1155,964,723,0,511,0.0165975103734439,476,511,0.931506849315068,NA,NA,NA,1.65975103734439,NA,False,False,False,False,True,False,14402
37133,AACCTTTCAGCTACTA,1238,1003,903,0,548,0.06580259222333,514,548,0.937956204379562,NA,NA,NA,6.580259222333,NA,False,False,False,False,True,False,9589
67443,CATGAGTGTGCAGATG,875,744,435,0,385,0.0456989247311828,372,385,0.966233766233766,NA,NA,NA,4.56989247311828,NA,False,False,False,False,True,False,63424
162487,ACTGATGCATATCTGG,1050,881,613,0,471,0.0227014755959137,449,471,0.953290870488323,NA,NA,NA,2.27014755959137,NA,False,False,False,False,True,False,25484
51385,ATCTTCACATTAAAGG,751,604,652,0,373,0.0513245033112582,357,373,0.957104557640751,NA,NA,NA,5.13245033112582,NA,False,False,False,False,True,False,67357
30800,TCTGCCAGTCACTTAG,965,790,676,0,426,0.0962025316455696,397,426,0.931924882629108,NA,NA,NA,9.62025316455696,NA,False,False,False,False,True,False,45151
83438,TTCGCTGTCCGGACGT,800,683,411,0,385,0.0673499267935578,371,385,0.963636363636364,NA,NA,NA,6.73499267935578,NA,False,False,False,False,True,False,63459
58642,GGGCGTTAGGGTTTCT,864,714,584,0,386,0.0238095238095238,375,386,0.971502590673575,NA,NA,NA,2.38095238095238,NA,False,False,False,False,True,False,63022
209520,GACGTTACAAGTCCCG,50,48,0,0,35,0.0625,26,35,0.742857142857143,NA,NA,NA,6.25,NA,False,False,False,False,True,False,91050
128036,TCATGGATCCCAGGAC,893,773,476,0,408,0.0258732212160414,393,408,0.963235294117647,NA,NA,NA,2.58732212160414,NA,False,False,False,False,True,False,54035
153446,AGAAGCGAGTCGTCTA,898,777,426,0,488,0.009009009009009,478,488,0.979508196721312,NA,NA,NA,0.9009009009009,NA,False,False,False,False,True,False,19977
20470,GCTTTCGCAAGTATAG,773,636,518,0,344,0.0518867924528301,333,344,0.968023255813954,NA,NA,NA,5.18867924528301,NA,False,False,False,False,True,False,73247
70478,CAAGACTTCCCATGGG,1192,1015,527,0,537,0.012807881773399,514,537,0.957169459962756,NA,NA,NA,1.2807881773399,NA,False,False,False,False,True,False,10625
221434,AGACTCATCTCTCGAC,29,28,2,0,26,0.0357142857142857,18,26,0.692307692307692,NA,NA,NA,3.57142857142857,NA,False,False,False,False,True,False,97534
114390,GGGTCTGCAAGCTACT,892,733,585,0,377,0.0354706684856753,360,377,0.954907161803713,NA,NA,NA,3.54706684856753,NA,False,False,False,False,True,False,66271
5326,GTATTTCGTGGCTACC,118,100,20,0,63,0.01,16,63,0.253968253968254,NA,NA,NA,1,NA,False,False,False,False,True,False,82471
22800,ACATTTCGTCATATGC,1186,984,783,0,549,0.0528455284552845,520,549,0.947176684881603,NA,NA,NA,5.28455284552845,NA,False,False,False,False,True,False,9502
184598,TCAGTGACAACACGAG,149,144,3,0,128,0.0833333333333333,106,128,0.828125,NA,NA,NA,8.33333333333333,NA,False,False,False,False,True,False,78195
80910,TTCCTTCTCGCCGATG,823,626,824,0,361,0.0271565495207667,349,361,0.966759002770083,NA,NA,NA,2.71565495207667,NA,False,False,False,False,True,False,70350
1568,CCACGTTGTTCTATCT,1245,1067,672,0,545,0.0234301780693533,525,545,0.963302752293578,NA,NA,NA,2.34301780693533,NA,False,False,False,False,True,False,9797
73970,CCTAACCGTGCTGCAC,100,82,17,0,75,0.0853658536585365,67,75,0.893333333333333,NA,NA,NA,8.53658536585365,NA,False,False,False,False,True,False,80923
435100,GGCGTCATCATTCACT,33,32,0,0,31,0,23,31,0.741935483870968,NA,NA,NA,0,NA,False,False,False,False,True,False,93883
77297,AGTAGTCGTACCTGTA,914,746,485,0,385,0.0428954423592493,362,385,0.94025974025974,NA,NA,NA,4.28954423592493,NA,False,False,False,False,True,False,63446
146213,CATGAGTGTACGTGTT,830,714,356,0,403,0.0518207282913165,385,403,0.955334987593052,NA,NA,NA,5.18207282913165,NA,False,False,False,False,True,False,56379
200503,GGTTGTAAGAACTTCC,53,47,6,0,43,0,27,43,0.627906976744186,NA,NA,NA,0,NA,False,False,False,False,True,False,87350
53572,GGTGATTAGAGAGTGA,955,823,536,0,448,0.0243013365735115,436,448,0.973214285714286,NA,NA,NA,2.43013365735115,NA,False,False,False,False,True,False,34822
21559,TGTGGCGAGCCTATCA,49,38,7,0,39,0.0526315789473684,33,39,0.846153846153846,NA,NA,NA,5.26315789473684,NA,False,False,False,False,True,False,88768
111526,AAGGTAAGTTCACGAT,858,705,590,0,395,0.026950354609929,372,395,0.941772151898734,NA,NA,NA,2.6950354609929,NA,False,False,False,False,True,False,59713
99561,CCCGGAAAGTCGAGGT,1172,1018,534,0,533,0.0569744597249508,497,533,0.932457786116323,NA,NA,NA,5.69744597249508,NA,False,False,False,False,True,False,11081
114557,CTGCCATGTACAGAAT,1081,935,502,0,495,0.0096256684491978,479,495,0.967676767676768,NA,NA,NA,0.96256684491978,NA,False,False,False,False,True,False,18018
11390,GTTATGGGTCTGATAC,756,620,558,0,354,0.0161290322580645,337,354,0.951977401129944,NA,NA,NA,1.61290322580645,NA,False,False,False,False,True,False,71641
5399,AATGCCATCCTATTTG,941,793,577,0,423,0.102143757881463,400,423,0.945626477541371,NA,NA,NA,10.2143757881463,NA,False,False,False,False,True,False,46532
162094,GATTTCTTCGTCGACG,842,709,618,0,369,0.0253878702397743,344,369,0.932249322493225,NA,NA,NA,2.53878702397743,NA,False,False,False,False,True,False,68595
179252,CTCTGGTAGGTATAGT,855,703,502,0,368,0.0312944523470839,343,368,0.932065217391304,NA,NA,NA,3.12944523470839,NA,False,False,False,False,True,False,68848
120971,GAACGTTGTTCAAGTC,100,87,14,0,68,0.0344827586206896,66,68,0.970588235294118,NA,NA,NA,3.44827586206896,NA,False,False,False,False,True,False,81763
167654,TTGTGGAAGGCCTAGA,841,721,342,0,405,0.0055478502080443,392,405,0.967901234567901,NA,NA,NA,0.55478502080443,NA,False,False,False,False,True,False,55498
41119,CGGAACCCACTCAGAT,1330,1148,573,0,572,0.058362369337979,552,572,0.965034965034965,NA,NA,NA,5.8362369337979,NA,False,False,False,False,True,False,8124
60499,GTTACGAAGAGAGCGG,1768,1535,782,0,819,0.006514657980456,786,819,0.95970695970696,0.000570226577110589,0,1,0.6514657980456,100,False,False,False,False,True,False,5689
34439,GGCTGTGAGTCCTACA,438,349,375,0,186,0.117478510028653,180,186,0.967741935483871,NA,NA,NA,11.7478510028653,NA,False,False,False,False,True,False,77347
35528,AACACACTCTTCGTAT,1041,888,617,0,448,0.0439189189189189,425,448,0.948660714285714,NA,NA,NA,4.39189189189189,NA,False,False,False,False,True,False,34745
158319,TGCTTCGCAGATCCTA,808,659,471,0,372,0.0136570561456752,360,372,0.967741935483871,NA,NA,NA,1.36570561456752,NA,False,False,False,False,True,False,67787
81643,TCGGGACAGAGCAGTC,782,667,407,0,378,0.0179910044977511,363,378,0.96031746031746,NA,NA,NA,1.79910044977511,NA,False,False,False,False,True,False,65889
24275,GTGCTTCAGAATCCCT,1179,959,841,0,539,0.127215849843587,514,539,0.953617810760668,NA,NA,NA,12.7215849843587,NA,False,False,False,False,True,False,10336
62773,CACTGAAGTGGCTACC,1006,807,700,0,410,0.0210656753407682,391,410,0.953658536585366,NA,NA,NA,2.10656753407682,NA,False,False,False,False,True,False,52982
259831,CTATCTAGTCTAGTGT,31,28,0,0,25,0.0357142857142857,22,25,0.88,NA,NA,NA,3.57142857142857,NA,False,False,False,False,True,False,98559
73098,CTTCCTTCATATACCG,795,654,650,0,377,0.0412844036697247,362,377,0.960212201591512,NA,NA,NA,4.12844036697247,NA,False,False,False,False,True,False,66194
243623,TGCAGGCTCCTACTGC,47,43,7,0,29,0,10,29,0.344827586206897,NA,NA,NA,0,NA,False,False,False,False,True,False,95106
160029,AACCTGATCTGGGAGA,776,655,388,0,348,0.0106870229007633,336,348,0.96551724137931,NA,NA,NA,1.06870229007633,NA,False,False,False,False,True,False,72793
76536,TCAGCCTGTGGCTGAA,908,780,406,0,420,0.0269230769230769,407,420,0.969047619047619,NA,NA,NA,2.69230769230769,NA,False,False,False,False,True,False,48231
114939,TAAGTCGAGGACCCAA,959,793,638,0,427,0.0655737704918032,417,427,0.976580796252927,NA,NA,NA,6.55737704918032,NA,False,False,False,False,True,False,44950
114746,TCACACCTCCTCAGAA,1046,886,624,0,447,0.0146726862302483,430,447,0.961968680089485,NA,NA,NA,1.46726862302483,NA,False,False,False,False,True,False,35412
41092,AGACCATCACTACGGC,1202,986,874,0,521,0.0141987829614604,494,521,0.948176583493282,NA,NA,NA,1.41987829614604,NA,False,False,False,False,True,False,12631
178658,TCGGGCAAGGGTGAAA,81,77,8,0,68,0.0519480519480519,58,68,0.852941176470588,NA,NA,NA,5.19480519480519,NA,False,False,False,False,True,False,81797
122331,AGACACTGTCACCGCA,1064,904,525,0,468,0.0232300884955752,450,468,0.961538461538462,NA,NA,NA,2.32300884955752,NA,False,False,False,False,True,False,26551
87263,GTGTTAGTCTCGAACA,1047,921,353,0,505,0.0597176981541802,484,505,0.958415841584158,NA,NA,NA,5.97176981541802,NA,False,False,False,False,True,False,15671
6835,GTGTTAGTCACGAGGA,760,655,317,0,367,0.0183206106870229,355,367,0.967302452316076,NA,NA,NA,1.83206106870229,NA,False,False,False,False,True,False,68865
49113,TGGTACAGTAGGTAGC,969,826,638,0,423,0.0460048426150121,409,423,0.966903073286052,NA,NA,NA,4.60048426150121,NA,False,False,False,False,True,False,46714
107397,GGAATCTTCGTGGGAA,890,743,496,0,388,0.0323014804845222,382,388,0.984536082474227,NA,NA,NA,3.23014804845222,NA,False,False,False,False,True,False,62399
264992,TCCAGAATCTGCTAGA,36,30,7,0,26,0.0333333333333333,21,26,0.807692307692308,NA,NA,NA,3.33333333333333,NA,False,False,False,False,True,False,97681
58081,TACAGGTGTACTGTTG,879,721,625,0,388,0.0221914008321775,368,388,0.948453608247423,NA,NA,NA,2.21914008321775,NA,False,False,False,False,True,False,62280
140457,CCTCTCCCAGTCACGC,984,793,696,0,446,0.0428751576292559,435,446,0.975336322869955,NA,NA,NA,4.28751576292559,NA,False,False,False,False,True,False,35907
227416,ACGTAGTAGTTACGGG,60,52,9,0,51,0.0576923076923076,45,51,0.882352941176471,NA,NA,NA,5.76923076923076,NA,False,False,False,False,True,False,84985
78045,ATCTCTATCCTCTCGA,88,73,12,0,69,0.0273972602739726,64,69,0.927536231884058,NA,NA,NA,2.73972602739726,NA,False,False,False,False,True,False,81627
376061,AATGGAATCTGGCCAG,59,58,0,0,33,0,12,33,0.363636363636364,NA,NA,NA,0,NA,False,False,False,False,True,False,92516
32498,GGGAGTATCTCGCAGG,983,839,514,0,447,0.0250297973778307,433,447,0.968680089485459,NA,NA,NA,2.50297973778307,NA,False,False,False,False,True,False,35156
154180,CAACAACCATCGTGGC,1010,839,592,0,435,0.0381406436233611,409,435,0.940229885057471,NA,NA,NA,3.81406436233611,NA,False,False,False,False,True,False,41089
99262,TATCCTACACCTGCGA,854,694,633,0,410,0.0244956772334293,389,410,0.948780487804878,NA,NA,NA,2.44956772334293,NA,False,False,False,False,True,False,53080
52492,TCATACTAGTGGTGAC,1053,880,669,0,462,0.0261363636363636,441,462,0.954545454545455,NA,NA,NA,2.61363636363636,NA,False,False,False,False,True,False,28818
148326,TCTGCCAGTGTACATC,1002,830,701,0,423,0.0120481927710843,406,423,0.959810874704492,NA,NA,NA,1.20481927710843,NA,False,False,False,False,True,False,46961
14594,AAAGGGCTCGCGTCGA,563,483,257,0,286,0.0703933747412008,275,286,0.961538461538462,NA,NA,NA,7.03933747412008,NA,False,False,False,False,True,False,76264
25467,TCATGTTAGTAGCATA,960,824,523,0,462,0.0716019417475728,441,462,0.954545454545455,NA,NA,NA,7.16019417475728,NA,False,False,False,False,True,False,28731
97924,GCTTGGGGTATGAGCG,868,742,387,0,419,0.0283018867924528,398,419,0.949880668257757,NA,NA,NA,2.83018867924528,NA,False,False,False,False,True,False,48785
178257,TTACCATAGTGAGTTA,80,70,19,0,35,0,11,35,0.314285714285714,NA,NA,NA,0,NA,False,False,False,False,True,False,90957
101839,AAAGTCCTCCCAGGAC,980,831,545,0,423,0.0324909747292418,396,423,0.936170212765957,NA,NA,NA,3.24909747292418,NA,False,False,False,False,True,False,46883
232736,GGAATCTAGACTTAAG,60,50,7,0,49,0.06,47,49,0.959183673469388,NA,NA,NA,6,NA,False,False,False,False,True,False,85503
129758,TGCCGAGAGCGCCCAT,1007,878,384,0,447,0.0375854214123006,430,447,0.961968680089485,NA,NA,NA,3.75854214123006,NA,False,False,False,False,True,False,35431
12910,AATGGAAGTGATACAA,1065,899,547,0,481,0.0300333704115684,462,481,0.960498960498961,NA,NA,NA,3.00333704115684,NA,False,False,False,False,True,False,21790
82662,AAGTCGTGTATTTCGG,367,303,172,0,204,0.0165016501650165,200,204,0.980392156862745,NA,NA,NA,1.65016501650165,NA,False,False,False,False,True,False,77150
74970,CCTCCTCAGTCCCAAT,2102,1736,1475,0,936,0.0385944700460829,891,936,0.951923076923077,0.000444421690190211,0,1,3.85944700460829,100,False,False,False,False,True,False,5217
93498,GAGAAATGTTCATCTT,1065,946,345,0,415,0.0835095137420718,238,415,0.573493975903615,NA,NA,NA,8.35095137420718,NA,False,False,False,False,True,False,50701
54407,ATGCCTCTCGTACACA,964,820,624,0,413,0.0158536585365853,391,413,0.946731234866828,NA,NA,NA,1.58536585365853,NA,False,False,False,False,True,False,51512
90748,ATGGGTTGTACAGGTG,1193,1021,581,0,565,0.173359451518119,553,565,0.978761061946903,NA,NA,NA,17.3359451518119,NA,False,False,False,False,True,False,8496
160287,TGATTTCAGATCGCCC,244,220,33,0,208,0.0318181818181818,171,208,0.822115384615385,NA,NA,NA,3.18181818181818,NA,False,False,False,False,True,False,77115
116949,CGTTAGATCGTCGCTT,397,338,207,0,226,0.0207100591715976,219,226,0.969026548672566,NA,NA,NA,2.07100591715976,NA,False,False,False,False,True,False,76957
32763,GTGAGCCCATCTAGAC,1126,944,689,0,490,0.0889830508474576,475,490,0.969387755102041,NA,NA,NA,8.89830508474576,NA,False,False,False,False,True,False,19195
39872,CCATCACAGCGAGTAC,937,795,434,0,436,0.020125786163522,418,436,0.958715596330275,NA,NA,NA,2.0125786163522,NA,False,False,False,False,True,False,40301
44181,CTTGAGACAAGTGTCT,960,797,582,0,415,0.0100376411543287,398,415,0.959036144578313,NA,NA,NA,1.00376411543287,NA,False,False,False,False,True,False,50546
51022,GTGGGAATCACTCGAA,1112,960,569,0,500,0.0572916666666666,484,500,0.968,NA,NA,NA,5.72916666666666,NA,False,False,False,False,True,False,16705
885,CATGCGGGTACGAGTG,45449,40425,5604,0,18448,0.52665429808287,15612,18448,0.846270598438855,0.999889850616455,16241,0.11963356461405,52.665429808287,11.963356461405,True,True,True,True,False,False,2252
45671,GGGTGTCTCGCCGTGA,914,769,584,0,414,0.0403120936280884,396,414,0.956521739130435,NA,NA,NA,4.03120936280884,NA,False,False,False,False,True,False,50999
38751,TACAGGTCATCCGAGC,1089,928,471,0,491,0.011853448275862,472,491,0.961303462321792,NA,NA,NA,1.1853448275862,NA,False,False,False,False,True,False,18944
101768,AACCAACTCTGCTCTG,1222,1018,734,0,523,0.018664047151277,496,523,0.948374760994264,NA,NA,NA,1.8664047151277,NA,False,False,False,False,True,False,12377
248851,CTCAGGGAGATGGTCG,43,39,3,0,31,0.0769230769230769,23,31,0.741935483870968,NA,NA,NA,7.69230769230769,NA,False,False,False,False,True,False,93681
8353,TGTAAGCTCTGGTGGC,925,757,585,0,409,0.121532364597094,396,409,0.968215158924205,NA,NA,NA,12.1532364597094,NA,False,False,False,False,True,False,53254
4717,GGATGTTGTACCTAGT,825,691,602,0,385,0.0405209840810419,371,385,0.963636363636364,NA,NA,NA,4.05209840810419,NA,False,False,False,False,True,False,63250
57077,ACAAGCTAGGTCACCC,86,77,15,0,69,0.103896103896104,61,69,0.884057971014493,NA,NA,NA,10.3896103896104,NA,False,False,False,False,True,False,81615
64892,GGTCACGTCTGAGAAA,965,797,618,0,430,0.0250941028858218,415,430,0.965116279069767,NA,NA,NA,2.50941028858218,NA,False,False,False,False,True,False,43368
228924,CCTAACCGTTAAGACA,107,97,7,0,78,0.0309278350515463,77,78,0.987179487179487,NA,NA,NA,3.09278350515463,NA,False,False,False,False,True,False,80680
167170,GTGTTAGAGTGTACCT,39,35,8,0,28,0.114285714285714,23,28,0.821428571428571,NA,NA,NA,11.4285714285714,NA,False,False,False,False,True,False,95632
9212,AGGGCCTGTATACCCA,1879,1517,1426,0,837,0.05273566249176,795,837,0.949820788530466,0.000223306036787108,0,1,5.273566249176,100,False,False,False,False,True,False,5611
40156,CAATTTCGTAGCGTAG,956,826,382,0,430,0.0266343825665859,411,430,0.955813953488372,NA,NA,NA,2.66343825665859,NA,False,False,False,False,True,False,43285
80931,TGACGCGCAGAACATA,1156,959,892,0,487,0.013555787278415,465,487,0.95482546201232,NA,NA,NA,1.3555787278415,NA,False,False,False,False,True,False,20190
79631,GTCAAGTAGTAAACGT,101,88,22,0,82,0.034090909090909,69,82,0.841463414634146,NA,NA,NA,3.4090909090909,NA,False,False,False,False,True,False,80273
258609,CTGAATGAGCATGCAG,80,72,0,0,61,0.0277777777777777,49,61,0.80327868852459,NA,NA,NA,2.77777777777777,NA,False,False,False,False,True,False,82908
26833,TTCCTAACAGGATGAC,942,804,554,0,422,0.0435323383084577,402,422,0.95260663507109,NA,NA,NA,4.35323383084577,NA,False,False,False,False,True,False,47122
8616,CTCATTACACGCTGCA,10839,9475,3929,0,5826,0.277255936675462,5713,5826,0.980604188122211,0.99999988079071,3685,0.36749055956059,27.7255936675462,36.749055956059,True,True,True,True,False,False,3941
163168,TACAACGCAGAGTAAT,1026,880,495,0,472,0.021590909090909,452,472,0.957627118644068,NA,NA,NA,2.1590909090909,NA,False,False,False,False,True,False,25074
190386,AAGGTAAGTCAGACGA,141,125,11,0,108,0.032,101,108,0.935185185185185,NA,NA,NA,3.2,NA,False,False,False,False,True,False,78822
162930,ATTGTTCGTTCATCGA,120,102,29,0,91,0.0980392156862745,79,91,0.868131868131868,NA,NA,NA,9.80392156862745,NA,False,False,False,False,True,False,79650
79888,TCGTCCACACCAATTG,900,754,568,0,427,0.0159151193633952,411,427,0.962529274004684,NA,NA,NA,1.59151193633952,NA,False,False,False,False,True,False,44883
71594,GTGCTTCTCAACTACG,1060,844,834,0,452,0.10781990521327,431,452,0.95353982300885,NA,NA,NA,10.781990521327,NA,False,False,False,False,True,False,33080
110578,AACCTGACAATACAGA,927,760,702,0,418,0.0236842105263157,404,418,0.966507177033493,NA,NA,NA,2.36842105263157,NA,False,False,False,False,True,False,49278
78133,TCATTTGGTACTTCCC,983,833,493,0,484,0.0252100840336134,458,484,0.946280991735537,NA,NA,NA,2.52100840336134,NA,False,False,False,False,True,False,21032
11469,CCACGTTGTCGTCGGT,829,692,539,0,362,0.0447976878612716,342,362,0.94475138121547,NA,NA,NA,4.47976878612716,NA,False,False,False,False,True,False,70051
70678,TGCTTGCCATGTCAGT,38,29,2,0,28,0.551724137931034,23,28,0.821428571428571,NA,NA,NA,55.1724137931034,NA,False,False,False,False,False,False,95430
143805,ACAGCCGCAATTCGTG,43,36,8,0,33,0,28,33,0.848484848484849,NA,NA,NA,0,NA,False,False,False,False,True,False,92071
162854,GACCCTTGTTCGTACA,953,763,889,0,408,0.0314547837483617,391,408,0.958333333333333,NA,NA,NA,3.14547837483617,NA,False,False,False,False,True,False,54101
40804,ACGATCAGTCCATACA,934,794,446,0,423,0.0365239294710327,408,423,0.964539007092199,NA,NA,NA,3.65239294710327,NA,False,False,False,False,True,False,46684
50299,CCGATGGAGACGCCCT,884,729,519,0,401,0.0384087791495198,388,401,0.967581047381546,NA,NA,NA,3.84087791495198,NA,False,False,False,False,True,False,57048
829734,CATTGAGAGTCTAACC,48,42,3,0,40,0.0476190476190476,33,40,0.825,NA,NA,NA,4.76190476190476,NA,False,False,False,False,True,False,88762
116063,CCTGCATTCTGACAGT,1083,881,856,0,464,0.0317820658342792,432,464,0.931034482758621,NA,NA,NA,3.17820658342792,NA,False,False,False,False,True,False,28134
39652,GTCTTTAGTAGCTAAA,911,709,858,0,405,0.077574047954866,386,405,0.953086419753086,NA,NA,NA,7.7574047954866,NA,False,False,False,False,True,False,55187
27543,GTTGCTCGTCCCGGTA,85,76,7,0,69,0.0263157894736842,56,69,0.811594202898551,NA,NA,NA,2.63157894736842,NA,False,False,False,False,True,False,81608
234733,ACCTACCCAACGATTC,113,94,32,0,89,0.117021276595745,59,89,0.662921348314607,NA,NA,NA,11.7021276595745,NA,False,False,False,False,True,False,79791
105481,GATGGAGAGCGACATG,919,802,354,0,429,0.0286783042394014,401,429,0.934731934731935,NA,NA,NA,2.86783042394014,NA,False,False,False,False,True,False,43936
164846,CTGATCCAGATTAGTG,749,664,326,0,355,0.0165662650602409,328,355,0.923943661971831,NA,NA,NA,1.65662650602409,NA,False,False,False,False,True,False,71617
115646,CCCATTGGTCCGTTTC,843,719,419,0,407,0.0361613351877607,399,407,0.98034398034398,NA,NA,NA,3.61613351877607,NA,False,False,False,False,True,False,54464
7909,GATGATCCAGTCGCTG,1007,873,469,0,456,0.0687285223367697,434,456,0.951754385964912,NA,NA,NA,6.87285223367697,NA,False,False,False,False,True,False,31159
184413,AGCGTCGCAAAGGAGA,360,306,175,0,236,0.0196078431372549,231,236,0.978813559322034,NA,NA,NA,1.96078431372549,NA,False,False,False,False,True,False,76872
86791,ACCATTTAGTTGTAGA,882,774,413,0,398,0.0297157622739018,376,398,0.944723618090452,NA,NA,NA,2.97157622739018,NA,False,False,False,False,True,False,58427
88277,TGTGCGGAGGGAGGCA,66,57,10,0,47,0.0526315789473684,38,47,0.808510638297872,NA,NA,NA,5.26315789473684,NA,False,False,False,False,True,False,85920
23007,ATCGTAGGTCAATGGG,963,828,535,0,438,0.129227053140097,419,438,0.95662100456621,NA,NA,NA,12.9227053140097,NA,False,False,False,False,True,False,39323
6091,TCCGTGTGTTCTCCCA,855,706,481,0,420,0.018413597733711,401,420,0.954761904761905,NA,NA,NA,1.8413597733711,NA,False,False,False,False,True,False,47978
29796,GTTTACTGTGCTCTTC,971,793,738,0,438,0.0870113493064312,420,438,0.958904109589041,NA,NA,NA,8.70113493064312,NA,False,False,False,False,True,False,39344
158935,TGCTCCATCTTTCGAT,1285,1103,617,0,580,0.0244786944696282,555,580,0.956896551724138,NA,NA,NA,2.44786944696282,NA,False,False,False,False,True,False,7807
300544,CATCGTCCATAGGCGA,46,43,3,0,40,0.0930232558139534,32,40,0.8,NA,NA,NA,9.30232558139534,NA,False,False,False,False,True,False,88713
109595,TCATGCCGTTCTGAGT,1250,994,946,0,502,0.0331991951710261,475,502,0.946215139442231,NA,NA,NA,3.31991951710261,NA,False,False,False,False,True,False,16318
162287,GACTCAACAGCGAACA,63,54,11,0,49,0.0555555555555555,37,49,0.755102040816326,NA,NA,NA,5.55555555555555,NA,False,False,False,False,True,False,85413
43500,ACACAGTAGATCACCT,816,713,324,0,427,0.0841514726507713,404,427,0.946135831381733,NA,NA,NA,8.41514726507713,NA,False,False,False,False,True,False,44743
167432,TTCATGTAGTGCGTCC,136,124,46,0,77,0.0161290322580645,73,77,0.948051948051948,NA,NA,NA,1.61290322580645,NA,False,False,False,False,True,False,80752
59008,GTGAGGAAGCTTGTTG,832,709,474,0,378,0.0141043723554301,357,378,0.944444444444444,NA,NA,NA,1.41043723554301,NA,False,False,False,False,True,False,65856
108053,CCTTTGGCAACAACAA,1104,898,730,0,506,0.0111358574610244,485,506,0.958498023715415,NA,NA,NA,1.11358574610244,NA,False,False,False,False,True,False,15488
227546,AGCGATTCATCCGGCA,67,60,16,0,34,0.0333333333333333,18,34,0.529411764705882,NA,NA,NA,3.33333333333333,NA,False,False,False,False,True,False,91709
160423,CGTGAATAGACATAAC,785,657,431,0,399,0.0091324200913242,382,399,0.957393483709273,NA,NA,NA,0.91324200913242,NA,False,False,False,False,True,False,58181
59828,CAGATTGAGGTTAAAC,982,847,489,0,474,0.0295159386068477,455,474,0.959915611814346,NA,NA,NA,2.95159386068477,NA,False,False,False,False,True,False,24277
13857,TGCAGTAGTGAGTCAG,804,690,452,0,353,0.0217391304347826,337,353,0.954674220963173,NA,NA,NA,2.17391304347826,NA,False,False,False,False,True,False,71823
28446,CGAAGTTTCGTACACA,976,820,574,0,423,0.0073170731707317,396,423,0.936170212765957,NA,NA,NA,0.73170731707317,NA,False,False,False,False,True,False,46634
42649,AATTCCTTCTTGATTC,771,576,1025,0,340,0.03125,325,340,0.955882352941177,NA,NA,NA,3.125,NA,False,False,False,False,True,False,73747
115894,TCTTCCTGTTGCTTGA,701,560,739,0,344,0.0267857142857142,328,344,0.953488372093023,NA,NA,NA,2.67857142857142,NA,False,False,False,False,True,False,73326
129569,GCCATTCAGTCTTCCC,1046,860,663,0,442,0.0197674418604651,426,442,0.963800904977376,NA,NA,NA,1.97674418604651,NA,False,False,False,False,True,False,37712
199104,AAAGGATGTCAAGGCA,1020,856,588,0,443,0.0116822429906542,416,443,0.939051918735892,NA,NA,NA,1.16822429906542,NA,False,False,False,False,True,False,37354
153964,GAGTGAGCAGACCCGT,979,829,556,0,448,0.0156815440289505,430,448,0.959821428571429,NA,NA,NA,1.56815440289505,NA,False,False,False,False,True,False,35017
26474,TACAACGTCACATCAG,84,67,16,0,50,0.0597014925373134,40,50,0.8,NA,NA,NA,5.97014925373134,NA,False,False,False,False,True,False,85054
186803,CTGCCTATCCACAAGT,49,45,2,0,40,0,35,40,0.875,NA,NA,NA,0,NA,False,False,False,False,True,False,88530
146354,CAGCCAGCAGCGTTTA,994,810,709,0,450,0.0209876543209876,435,450,0.966666666666667,NA,NA,NA,2.09876543209876,NA,False,False,False,False,True,False,34093
185443,TCATACTGTAAGAACT,442,267,52,0,237,0.0299625468164794,192,237,0.810126582278481,NA,NA,NA,2.99625468164794,NA,False,False,False,False,True,False,76864
213423,TGCGACGGTTGCCGCA,32,27,4,0,25,0,23,25,0.92,NA,NA,NA,0,NA,False,False,False,False,True,False,98402
80965,ATCCTATCAACAGCTT,974,826,573,0,440,0.0290556900726392,416,440,0.945454545454545,NA,NA,NA,2.90556900726392,NA,False,False,False,False,True,False,38559
31477,CAATACGTCCATTCGC,1104,926,673,0,491,0.0248380129589632,468,491,0.953156822810591,NA,NA,NA,2.48380129589632,NA,False,False,False,False,True,False,18926
14821,ACACTGAGTTCGCGTG,1061,936,400,0,487,0.0544871794871794,465,487,0.95482546201232,NA,NA,NA,5.44871794871794,NA,False,False,False,False,True,False,20029
47597,GAATCACTCTGTCGTC,1115,909,794,0,487,0.0671067106710671,477,487,0.979466119096509,NA,NA,NA,6.71067106710671,NA,False,False,False,False,True,False,20130
95408,CCACAAACACGCGCAT,1039,856,630,0,458,0.0385514018691588,438,458,0.956331877729258,NA,NA,NA,3.85514018691588,NA,False,False,False,False,True,False,30564
84967,ACATTTCTCGGTCTAA,988,820,596,0,458,0.0256097560975609,429,458,0.936681222707424,NA,NA,NA,2.56097560975609,NA,False,False,False,False,True,False,30541
91073,AAGCATCGTAACAAGT,1016,877,535,0,463,0.080957810718358,444,463,0.958963282937365,NA,NA,NA,8.0957810718358,NA,False,False,False,False,True,False,28514
111805,TGTGAGTAGGTAAGGA,943,808,481,0,452,0.0297029702970297,434,452,0.960176991150443,NA,NA,NA,2.97029702970297,NA,False,False,False,False,True,False,33168
7594,CCCTTAGAGCAGGTCA,730,624,437,0,316,0.0288461538461538,302,316,0.955696202531646,NA,NA,NA,2.88461538461538,NA,False,False,False,False,True,False,75467
40615,CACGTTCAGCCTGAGA,1057,866,725,0,479,0.0681293302540415,452,479,0.943632567849687,NA,NA,NA,6.81293302540415,NA,False,False,False,False,True,False,22525
157372,TCGGGCAAGGGCCAAT,536,451,263,0,222,0.11529933481153,177,222,0.797297297297297,NA,NA,NA,11.529933481153,NA,False,False,False,False,True,False,77000
65995,ATTCAGGAGGCTATCT,1713,1449,1166,0,835,0.0614216701173222,788,835,0.943712574850299,0.000377463380573317,0,1,6.14216701173222,100,False,False,False,False,True,False,5630
38279,TCCCAGTGTTAACCTG,1130,951,757,0,492,0.0546792849631966,475,492,0.965447154471545,NA,NA,NA,5.46792849631966,NA,False,False,False,False,True,False,18657
81450,CGTGTCTCACCGGAAA,471,410,179,0,264,0.0170731707317073,251,264,0.950757575757576,NA,NA,NA,1.70731707317073,NA,False,False,False,False,True,False,76568
107075,CTGTCGTGTCGTTTCC,512,432,306,0,273,0.0185185185185185,263,273,0.963369963369963,NA,NA,NA,1.85185185185185,NA,False,False,False,False,True,False,76460
43788,GAGTGTTAGGTATTGA,645,541,376,0,299,0.022181146025878,286,299,0.956521739130435,NA,NA,NA,2.2181146025878,NA,False,False,False,False,True,False,76028
193256,CCCTGATCAAATAAGC,867,716,530,0,399,0.0055865921787709,382,399,0.957393483709273,NA,NA,NA,0.55865921787709,NA,False,False,False,False,True,False,58203
187535,GGGAAGTGTGTACATC,106,95,7,0,75,0.0105263157894736,70,75,0.933333333333333,NA,NA,NA,1.05263157894736,NA,False,False,False,False,True,False,80970
158691,AGGGAGTCAACGGCTC,1095,943,441,0,485,0.0159066808059384,464,485,0.956701030927835,NA,NA,NA,1.59066808059384,NA,False,False,False,False,True,False,20834
130641,TGTTGGATCCACTGGG,1066,858,817,0,471,0.0221445221445221,462,471,0.980891719745223,NA,NA,NA,2.21445221445221,NA,False,False,False,False,True,False,25441
338089,AAAGGATGTTCACCGG,44,36,8,0,33,0.0555555555555555,25,33,0.757575757575758,NA,NA,NA,5.55555555555555,NA,False,False,False,False,True,False,92482
396888,GCGATCGTCAACTTTC,65,61,6,0,31,0,7,31,0.225806451612903,NA,NA,NA,0,NA,False,False,False,False,True,False,93864
1498,CATAAGCAGGGTTGCA,14880,13274,2261,0,5872,0.341720656923309,4582,5872,0.780313351498638,0.999998688697815,3949,0.327486376021798,34.1720656923309,32.7486376021798,True,True,True,True,False,False,3931
705316,AGTACTGGTCAACGTT,45,39,10,0,25,0,19,25,0.76,NA,NA,NA,0,NA,False,False,False,False,True,False,98897
62684,GATCATGCAGACCAGA,829,711,339,0,359,0.050632911392405,343,359,0.955431754874652,NA,NA,NA,5.0632911392405,NA,False,False,False,False,True,False,70739
126287,CGGGTGTAGTCGAGGT,121,107,14,0,57,0.121495327102804,48,57,0.842105263157895,NA,NA,NA,12.1495327102804,NA,False,False,False,False,True,False,83538
121162,GTAGCTACAGTATGAA,466,364,477,0,189,0.0604395604395604,173,189,0.915343915343915,NA,NA,NA,6.04395604395604,NA,False,False,False,False,True,False,77316
39883,GTGCGTGCACACCGCA,1129,911,817,0,483,0.0581778265642151,461,483,0.954451345755694,NA,NA,NA,5.81778265642151,NA,False,False,False,False,True,False,21264
151044,AGTCATGTCACTACTT,898,762,497,0,416,0.0026246719160104,405,416,0.973557692307692,NA,NA,NA,0.26246719160104,NA,False,False,False,False,True,False,50343
16833,AATGGAACATGTACGT,2382,1998,1243,0,1092,0.041041041041041,1059,1092,0.96978021978022,0.00198590592481196,0,1,4.1041041041041,100,False,False,False,False,True,False,4908
96397,TTCAGGAGTATCCCAA,980,787,767,0,432,0.0279542566709021,411,432,0.951388888888889,NA,NA,NA,2.79542566709021,NA,False,False,False,False,True,False,42438
23250,CTGTAGAAGCACTTTG,1039,863,647,0,513,0.162224797219003,488,513,0.951267056530214,NA,NA,NA,16.2224797219003,NA,False,False,False,False,True,False,13948
12063,CAAAGAATCCGTGCGA,899,756,540,0,411,0.0396825396825396,398,411,0.968369829683698,NA,NA,NA,3.96825396825396,NA,False,False,False,False,True,False,52351
29293,ACTATTCTCCCATTCG,913,783,438,0,416,0.0459770114942528,395,416,0.949519230769231,NA,NA,NA,4.59770114942528,NA,False,False,False,False,True,False,49998
112704,CTTTCAAAGGCTATCT,820,667,651,0,383,0.0209895052473763,358,383,0.934725848563969,NA,NA,NA,2.09895052473763,NA,False,False,False,False,True,False,64287
35087,AGTCAACCACCTTCCA,1109,948,576,0,491,0.0464135021097046,469,491,0.955193482688391,NA,NA,NA,4.64135021097046,NA,False,False,False,False,True,False,18938
46393,GTTGTGATCTTGCAAG,768,677,258,0,372,0.0457902511078286,359,372,0.96505376344086,NA,NA,NA,4.57902511078286,NA,False,False,False,False,True,False,67616
218440,TGTTACTAGAACTTCC,45,40,5,0,31,0.125,28,31,0.903225806451613,NA,NA,NA,12.5,NA,False,False,False,False,True,False,93600
160148,GTGTGGCCATTGCTTT,863,725,534,0,385,0.016551724137931,368,385,0.955844155844156,NA,NA,NA,1.6551724137931,NA,False,False,False,False,True,False,63593
255833,GGGACTCCACAGACGA,37,30,7,0,28,0.0333333333333333,24,28,0.857142857142857,NA,NA,NA,3.33333333333333,NA,False,False,False,False,True,False,95984
46021,CAACAGTGTGTGATGG,1193,1013,658,0,540,0.0720631786771964,518,540,0.959259259259259,NA,NA,NA,7.20631786771964,NA,False,False,False,False,True,False,10254
16969,CATTCTAGTACACGCC,1073,853,991,0,467,0.0351699882766705,437,467,0.93576017130621,NA,NA,NA,3.51699882766705,NA,False,False,False,False,True,False,26645
50976,CCTTTGGGTCTGATCA,1008,874,522,0,480,0.0160183066361556,457,480,0.952083333333333,NA,NA,NA,1.60183066361556,NA,False,False,False,False,True,False,22249
43957,AGATGCTAGGACAAGA,1113,959,541,0,510,0.0792492179353493,494,510,0.968627450980392,NA,NA,NA,7.92492179353493,NA,False,False,False,False,True,False,14595
20397,ATACCTTCATCCAATG,862,720,588,0,411,0.0638888888888888,391,411,0.951338199513382,NA,NA,NA,6.38888888888888,NA,False,False,False,False,True,False,52388
14529,CCATAAGTCCACGAAT,1144,915,922,0,532,0.0273224043715847,510,532,0.958646616541353,NA,NA,NA,2.73224043715847,NA,False,False,False,False,True,False,11115
182345,CTGAGGCGTTCTTGCC,859,701,600,0,378,0.0256776034236804,364,378,0.962962962962963,NA,NA,NA,2.56776034236804,NA,False,False,False,False,True,False,66046
33498,GACCAATTCTAAACGC,1064,902,565,0,473,0.0299334811529933,452,473,0.955602536997886,NA,NA,NA,2.99334811529933,NA,False,False,False,False,True,False,24521
86449,ACTTTCACATGTCAGT,954,795,565,0,438,0.0125786163522012,422,438,0.963470319634703,NA,NA,NA,1.25786163522012,NA,False,False,False,False,True,False,39523
27030,CCGATCTAGATGATTG,962,836,427,0,468,0.0227272727272727,446,468,0.952991452991453,NA,NA,NA,2.27272727272727,NA,False,False,False,False,True,False,26326
107557,GCGATCGGTTGACTGT,607,532,258,0,297,0.0432330827067669,284,297,0.956228956228956,NA,NA,NA,4.32330827067669,NA,False,False,False,False,True,False,76100
2665,GAGGGATAGACGCCCT,34480,31339,3989,0,14362,0.181243817607454,6987,14362,0.48649213201504,0.99999725818634,13084,0.0889848210555633,18.1243817607454,8.89848210555633,True,True,True,True,False,False,2767
151134,ACTTTCACAAACTAGA,847,693,586,0,380,0.0216450216450216,367,380,0.965789473684211,NA,NA,NA,2.16450216450216,NA,False,False,False,False,True,False,65347
34117,GGCTTTCGTTGTGTAC,4060,3245,3061,0,1947,0.024653312788906,1890,1947,0.970724191063174,0.234139516949654,0,1,2.4653312788906,100,False,True,False,False,True,False,4612
249272,TTCATGTCACGGTAGA,90,78,23,0,50,0.0256410256410256,22,50,0.44,NA,NA,NA,2.56410256410256,NA,False,False,False,False,True,False,85282
18208,TCATCATCATTGAAAG,885,751,497,0,427,0.0892143808255659,411,427,0.962529274004684,NA,NA,NA,8.92143808255659,NA,False,False,False,False,True,False,44652
27533,CTCCGATTCAACGAGG,31,27,7,0,23,0.111111111111111,21,23,0.91304347826087,NA,NA,NA,11.1111111111111,NA,False,False,False,False,True,False,99936
415053,TCAAGACCAGTTGGTT,67,55,6,0,47,0.0363636363636363,42,47,0.893617021276596,NA,NA,NA,3.63636363636363,NA,False,False,False,False,True,False,86163
154406,GCTGCAGGTCACTGAT,969,845,495,0,435,0.0307692307692307,417,435,0.958620689655172,NA,NA,NA,3.07692307692307,NA,False,False,False,False,True,False,41091
106292,GAGACCCAGCCTATTG,1094,928,542,0,460,0.021551724137931,435,460,0.945652173913043,NA,NA,NA,2.1551724137931,NA,False,False,False,False,True,False,29761
40513,CACGTTCCATGGAATA,1063,900,654,0,482,0.0211111111111111,462,482,0.95850622406639,NA,NA,NA,2.11111111111111,NA,False,False,False,False,True,False,21563
50867,ACGATCAGTACTCGTA,870,715,620,0,396,0.0195804195804195,384,396,0.96969696969697,NA,NA,NA,1.95804195804195,NA,False,False,False,False,True,False,59165
67992,TATCAGGCACAGTCCG,891,731,704,0,387,0.0191518467852257,366,387,0.945736434108527,NA,NA,NA,1.91518467852257,NA,False,False,False,False,True,False,62700
79216,TCGCAGGGTCGAAGCA,52,45,13,0,33,0,23,33,0.696969696969697,NA,NA,NA,0,NA,False,False,False,False,True,False,92020
211114,TCTAACTTCACCATGA,41,33,2,0,31,0.0909090909090909,23,31,0.741935483870968,NA,NA,NA,9.09090909090909,NA,False,False,False,False,True,False,93573
293882,GTACAGTTCCATGCAA,49,38,21,0,33,0.0526315789473684,31,33,0.939393939393939,NA,NA,NA,5.26315789473684,NA,False,False,False,False,True,False,92434
89717,ACGGTCGTCAGTGTGT,814,687,462,0,386,0.0291120815138282,371,386,0.961139896373057,NA,NA,NA,2.91120815138282,NA,False,False,False,False,True,False,63090
129556,GTTTGGACATCAACCA,960,815,568,0,464,0.0171779141104294,447,464,0.963362068965517,NA,NA,NA,1.71779141104294,NA,False,False,False,False,True,False,28152
114728,ACGATGTAGGGCATGT,1011,864,440,0,462,0.0405092592592592,444,462,0.961038961038961,NA,NA,NA,4.05092592592592,NA,False,False,False,False,True,False,28957
124662,TGTAACGAGGCTTTCA,837,669,642,0,371,0.0164424514200298,348,371,0.93800539083558,NA,NA,NA,1.64424514200298,NA,False,False,False,False,True,False,68019
154886,AAGTGAACACTAGTAC,1132,945,634,0,510,0.0222222222222222,489,510,0.958823529411765,NA,NA,NA,2.22222222222222,NA,False,False,False,False,True,False,14694
93763,GAGGGTAAGCCTCTCT,1227,1043,621,0,572,0.0441035474592521,536,572,0.937062937062937,NA,NA,NA,4.41035474592521,NA,False,False,False,False,True,False,8141
32337,GTTCTATTCTGGGAGA,824,699,466,0,377,0.0414878397711015,360,377,0.954907161803713,NA,NA,NA,4.14878397711015,NA,False,False,False,False,True,False,66112
100753,AAGTTCGTCTCACGAA,1038,853,691,0,443,0.0128956623681125,421,443,0.950338600451467,NA,NA,NA,1.28956623681125,NA,False,False,False,False,True,False,37251
173240,AAGCGTTGTAACATGA,939,823,359,0,440,0.008505467800729,426,440,0.968181818181818,NA,NA,NA,0.8505467800729,NA,False,False,False,False,True,False,38736
2845,CCACAAAGTATGGTTC,1018,855,622,0,451,0.0257309941520467,429,451,0.951219512195122,NA,NA,NA,2.57309941520467,NA,False,False,False,False,True,False,33289
13038,CGGACACAGTTGAAAC,1007,845,563,0,440,0.0331360946745562,425,440,0.965909090909091,NA,NA,NA,3.31360946745562,NA,False,False,False,False,True,False,38320
252055,AAAGGATGTCCGGATC,78,68,5,0,58,0.0441176470588235,41,58,0.706896551724138,NA,NA,NA,4.41176470588235,NA,False,False,False,False,True,False,83449
111770,GCTCAAACAGAATTCC,993,821,634,0,425,0.0085261875761266,403,425,0.948235294117647,NA,NA,NA,0.85261875761266,NA,False,False,False,False,True,False,45936
151614,CTCAGTCAGAGGTCAC,1198,1009,736,0,525,0.0218037661050545,504,525,0.96,NA,NA,NA,2.18037661050545,NA,False,False,False,False,True,False,12117
28288,GTCATGAAGACCAAAT,725,616,314,0,343,0.0941558441558441,326,343,0.950437317784257,NA,NA,NA,9.41558441558441,NA,False,False,False,False,True,False,73384
77801,CTACATTGTCCATACA,962,811,592,0,453,0.0147965474722564,427,453,0.942604856512141,NA,NA,NA,1.47965474722564,NA,False,False,False,False,True,False,32672
75221,TGACTCCTCTGTGCAA,197,180,21,0,170,0.0777777777777777,149,170,0.876470588235294,NA,NA,NA,7.77777777777777,NA,False,False,False,False,True,False,77518
22083,TTGCATTTCGAGTGGA,938,824,346,0,454,0.029126213592233,432,454,0.951541850220264,NA,NA,NA,2.9126213592233,NA,False,False,False,False,True,False,32044
168382,GGGAAGTGTGTTAACC,66,61,2,0,59,0.147540983606557,51,59,0.864406779661017,NA,NA,NA,14.7540983606557,NA,False,False,False,False,True,False,83172
47104,CTAGACAGTTACACAC,994,798,737,0,452,0.0426065162907268,428,452,0.946902654867257,NA,NA,NA,4.26065162907268,NA,False,False,False,False,True,False,33004
140545,CTATCCGGTGTCTTCC,880,702,709,0,385,0.0213675213675213,365,385,0.948051948051948,NA,NA,NA,2.13675213675213,NA,False,False,False,False,True,False,63558
24484,CCTCACATCTGTCAGA,988,824,719,0,452,0.0728155339805825,434,452,0.960176991150443,NA,NA,NA,7.28155339805825,NA,False,False,False,False,True,False,32913
225874,ATGTCCCTCAGTGGGA,51,50,0,0,32,0,10,32,0.3125,NA,NA,NA,0,NA,False,False,False,False,True,False,92952
108454,AGTGATCAGTGAGCCA,917,776,515,0,426,0.0373711340206185,403,426,0.946009389671362,NA,NA,NA,3.73711340206185,NA,False,False,False,False,True,False,45414
42572,GTAGGAGCATGACGTT,920,765,551,0,397,0.0183006535947712,373,397,0.939546599496222,NA,NA,NA,1.83006535947712,NA,False,False,False,False,True,False,58710
70221,CAGCCAGTCGATACTG,1200,1004,692,0,519,0.0667330677290836,501,519,0.965317919075145,NA,NA,NA,6.67330677290836,NA,False,False,False,False,True,False,12958
208258,GCCGTGATCACGGGCT,39,32,10,0,27,0.03125,24,27,0.888888888888889,NA,NA,NA,3.125,NA,False,False,False,False,True,False,96639
8844,ACGGTTACATTCAGGT,919,734,799,0,395,0.0599455040871934,380,395,0.962025316455696,NA,NA,NA,5.99455040871934,NA,False,False,False,False,True,False,59428
14632,GTGACGCCAGAGTGTG,955,816,541,0,427,0.0575980392156862,407,427,0.953161592505855,NA,NA,NA,5.75980392156862,NA,False,False,False,False,True,False,44633
186813,ACCAAACGTCCACACG,34,32,1,0,27,0,21,27,0.777777777777778,NA,NA,NA,0,NA,False,False,False,False,True,False,96539
24473,TCAGGGCTCTCTCGCA,1217,1061,551,0,550,0.0584354382657869,531,550,0.965454545454545,NA,NA,NA,5.84354382657869,NA,False,False,False,False,True,False,9416
187364,TCATATCGTATGTCCA,77,63,10,0,30,0,7,30,0.233333333333333,NA,NA,NA,0,NA,False,False,False,False,True,False,94216
129588,TCCAGAACACAATGAA,1097,934,540,0,457,0.0203426124197002,435,457,0.951859956236324,NA,NA,NA,2.03426124197002,NA,False,False,False,False,True,False,31069
11233,AACAAGAGTTTGAACC,1080,878,681,0,450,0.0455580865603644,435,450,0.966666666666667,NA,NA,NA,4.55580865603644,NA,False,False,False,False,True,False,33737
40133,AACTTCTGTATAGGAT,860,694,674,0,380,0.0403458213256484,365,380,0.960526315789474,NA,NA,NA,4.03458213256484,NA,False,False,False,False,True,False,65137
68416,ACCGTTCCAACACGTT,50,44,12,0,37,0.0227272727272727,32,37,0.864864864864865,NA,NA,NA,2.27272727272727,NA,False,False,False,False,True,False,89747
54654,AACCCAAAGCAAGTGC,1321,1156,487,0,617,0.0121107266435986,592,617,0.959481361426256,NA,NA,NA,1.21107266435986,NA,False,False,False,False,True,False,6873
119992,TGAGCATGTTTACACG,989,836,658,0,420,0.0263157894736842,396,420,0.942857142857143,NA,NA,NA,2.63157894736842,NA,False,False,False,False,True,False,48338
237022,GTAGGAGCATTGACAC,37,30,2,0,25,0.0333333333333333,23,25,0.92,NA,NA,NA,3.33333333333333,NA,False,False,False,False,True,False,98488
334008,ACGGTTACATGTAACC,39,34,2,0,28,0.0588235294117647,19,28,0.678571428571429,NA,NA,NA,5.88235294117647,NA,False,False,False,False,True,False,96103
32623,AGACCATGTAGTCGTT,918,794,469,0,413,0.0251889168765743,391,413,0.946731234866828,NA,NA,NA,2.51889168765743,NA,False,False,False,False,True,False,51435
4798,CGTGTCTGTGCCGTTG,37521,34091,5073,0,19580,0.194420814877827,17392,19580,0.888253319713994,0.999949097633362,18051,0.0780898876404494,19.4420814877827,7.80898876404494,True,True,True,True,False,False,2134
168704,GTCAAGTGTTCCACAA,53,48,1,0,42,0.0625,34,42,0.80952380952381,NA,NA,NA,6.25,NA,False,False,False,False,True,False,87640
191734,CTGCTCATCTGACCCT,30,29,0,0,26,0.0344827586206896,24,26,0.923076923076923,NA,NA,NA,3.44827586206896,NA,False,False,False,False,True,False,97412
130017,ACACAGTGTAGCACAG,955,815,451,0,415,0.0134969325153374,403,415,0.971084337349398,NA,NA,NA,1.34969325153374,NA,False,False,False,False,True,False,50782
30318,AATGGAAGTAGGAAAG,1039,879,459,0,461,0.0113765642775881,445,461,0.96529284164859,NA,NA,NA,1.13765642775881,NA,False,False,False,False,True,False,29125
180875,TGGTACAAGCACTCCG,136,114,29,0,105,0.0701754385964912,100,105,0.952380952380952,NA,NA,NA,7.01754385964912,NA,False,False,False,False,True,False,78957
152574,GCTTCACTCTTCGGTC,853,670,744,0,393,0.017910447761194,378,393,0.961832061068702,NA,NA,NA,1.7910447761194,NA,False,False,False,False,True,False,60532
368029,ATTCTACGTCCAGAAG,62,58,3,0,42,0.0344827586206896,41,42,0.976190476190476,NA,NA,NA,3.44827586206896,NA,False,False,False,False,True,False,87897
137867,TTTGTTGAGTATCCTG,652,558,340,0,314,0.0089605734767025,300,314,0.955414012738854,NA,NA,NA,0.89605734767025,NA,False,False,False,False,True,False,75574
40460,GTCAAACCAAAGCACG,1197,1002,748,0,547,0.030938123752495,521,547,0.952468007312614,NA,NA,NA,3.0938123752495,NA,False,False,False,False,True,False,9676
26688,AGTTAGCCAAGGTCGA,169,144,37,0,111,0.131944444444444,78,111,0.702702702702703,NA,NA,NA,13.1944444444444,NA,False,False,False,False,True,False,78663
74911,TCGTAGATCGTTCTAT,688,573,495,0,337,0.019197207678883,316,337,0.937685459940653,NA,NA,NA,1.9197207678883,NA,False,False,False,False,True,False,74055
179726,GGAGGTATCACGAACT,869,704,606,0,377,0.0255681818181818,365,377,0.96816976127321,NA,NA,NA,2.55681818181818,NA,False,False,False,False,True,False,66342
395794,CAGGGCTGTTTGAAAG,34,27,5,0,25,0.074074074074074,23,25,0.92,NA,NA,NA,7.4074074074074,NA,False,False,False,False,True,False,98811
60920,ACGCACGTCGTTCGCT,894,756,530,0,407,0.0092592592592592,392,407,0.963144963144963,NA,NA,NA,0.92592592592592,NA,False,False,False,False,True,False,54320
76030,GTGGAGATCCTTCGAC,240,201,21,0,172,0.124378109452736,140,172,0.813953488372093,NA,NA,NA,12.4378109452736,NA,False,False,False,False,True,False,77494
174271,GGGTCACGTATCGCAT,32,30,3,0,28,0.0333333333333333,24,28,0.857142857142857,NA,NA,NA,3.33333333333333,NA,False,False,False,False,True,False,95661
230436,TGTGCGGGTGACAGGT,39,36,2,0,33,0.222222222222222,12,33,0.363636363636364,NA,NA,NA,22.2222222222222,NA,False,False,False,False,False,False,92319
120278,CCGTAGGAGACGGTCA,862,746,369,0,407,0.0093833780160857,392,407,0.963144963144963,NA,NA,NA,0.93833780160857,NA,False,False,False,False,True,False,54475
118941,GTGCTTCCAACGTAAA,918,767,617,0,411,0.0404172099087353,386,411,0.939172749391727,NA,NA,NA,4.04172099087353,NA,False,False,False,False,True,False,52661
38656,AGACAAAAGCTAGAAT,1066,932,488,0,486,0.0922746781115879,462,486,0.950617283950617,NA,NA,NA,9.22746781115879,NA,False,False,False,False,True,False,20370
179899,CGACAGCGTACTGCGC,1102,959,485,0,497,0.0166840458811261,472,497,0.949698189134809,NA,NA,NA,1.66840458811261,NA,False,False,False,False,True,False,17527
148225,GATAGAAAGCTGGAGT,790,649,504,0,371,0.0184899845916795,358,371,0.964959568733154,NA,NA,NA,1.84899845916795,NA,False,False,False,False,True,False,68038
151417,CTGCAGGCACAGCCTG,31,27,5,0,27,0,24,27,0.888888888888889,NA,NA,NA,0,NA,False,False,False,False,True,False,96405
182461,CCTGTTGAGGGTTCAA,57,54,1,0,43,0.037037037037037,28,43,0.651162790697674,NA,NA,NA,3.7037037037037,NA,False,False,False,False,True,False,87315
162017,AATGACCAGACCATGG,1170,986,772,0,510,0.0152129817444219,488,510,0.956862745098039,NA,NA,NA,1.52129817444219,NA,False,False,False,False,True,False,14702
36496,CAAGAGGCAACGTAAA,1182,1002,563,0,529,0.0239520958083832,503,529,0.950850661625709,NA,NA,NA,2.39520958083832,NA,False,False,False,False,True,False,11495
206248,CAAAGAACATTGACCA,143,126,11,0,98,0.0555555555555555,85,98,0.86734693877551,NA,NA,NA,5.55555555555555,NA,False,False,False,False,True,False,79261
329216,TGATCTTAGCACGGAT,31,29,0,0,26,0.0689655172413793,23,26,0.884615384615385,NA,NA,NA,6.89655172413793,NA,False,False,False,False,True,False,97792
9729,CCACCATTCGAACCAT,1101,918,745,0,479,0.0555555555555555,465,479,0.970772442588727,NA,NA,NA,5.55555555555555,NA,False,False,False,False,True,False,22427
171266,TATATCCAGCTTAAGA,341,273,316,0,147,0.0256410256410256,137,147,0.931972789115646,NA,NA,NA,2.56410256410256,NA,False,False,False,False,True,False,77836
161302,AGGACGACAGGAGGTT,1066,900,530,0,460,0.0044444444444444,438,460,0.952173913043478,NA,NA,NA,0.44444444444444,NA,False,False,False,False,True,False,29845
64523,AACAGGGTCTCTGCCA,993,821,627,0,437,0.0462850182704019,421,437,0.963386727688787,NA,NA,NA,4.62850182704019,NA,False,False,False,False,True,False,39942
56646,TTAGGCACAAGGGTCA,1093,907,749,0,484,0.0143329658213891,459,484,0.948347107438017,NA,NA,NA,1.43329658213891,NA,False,False,False,False,True,False,20990
98297,ACTTTGTCAAGTACCT,883,746,511,0,410,0.0335120643431635,390,410,0.951219512195122,NA,NA,NA,3.35120643431635,NA,False,False,False,False,True,False,53072
172283,CCCGGAACATGTGGCC,928,758,762,0,396,0.021108179419525,385,396,0.972222222222222,NA,NA,NA,2.1108179419525,NA,False,False,False,False,True,False,59401
61985,TGATGCAGTGCAGATG,1129,917,847,0,482,0.0490730643402399,459,482,0.952282157676348,NA,NA,NA,4.90730643402399,NA,False,False,False,False,True,False,21616
44062,AGGCTGCCATGGATCT,1005,828,634,0,450,0.0144927536231884,436,450,0.968888888888889,NA,NA,NA,1.44927536231884,NA,False,False,False,False,True,False,33853
56362,ATCCTATAGGCATCGA,745,610,474,0,352,0.0573770491803278,339,352,0.963068181818182,NA,NA,NA,5.73770491803278,NA,False,False,False,False,True,False,72033
10876,AACCCAAAGATAGGGA,989,832,403,0,438,0.0204326923076923,409,438,0.9337899543379,NA,NA,NA,2.04326923076923,NA,False,False,False,False,True,False,39260
270307,GAGATGGAGTTGCATC,47,41,9,0,36,0,27,36,0.75,NA,NA,NA,0,NA,False,False,False,False,True,False,90606
38826,CCGCAAGTCGTAACAC,947,788,553,0,424,0.0291878172588832,409,424,0.964622641509434,NA,NA,NA,2.91878172588832,NA,False,False,False,False,True,False,46203
98731,TGAGCGCAGGAGAGGC,985,838,531,0,462,0.0346062052505966,443,462,0.958874458874459,NA,NA,NA,3.46062052505966,NA,False,False,False,False,True,False,28928
30506,TGCCGAGCAACAGCCC,1357,1114,921,0,563,0.0314183123877917,548,563,0.97335701598579,NA,NA,NA,3.14183123877917,NA,False,False,False,False,True,False,8586
121012,GAGAGGTAGAAATTGC,962,817,527,0,444,0.0244798041615667,417,444,0.939189189189189,NA,NA,NA,2.44798041615667,NA,False,False,False,False,True,False,36829
59582,AGGTAGGTCTCTATGT,685,564,460,0,333,0.0336879432624113,319,333,0.957957957957958,NA,NA,NA,3.36879432624113,NA,False,False,False,False,True,False,74407
28533,ACCCAAAAGCATATGA,941,790,642,0,402,0.0177215189873417,384,402,0.955223880597015,NA,NA,NA,1.77215189873417,NA,False,False,False,False,True,False,56526
36024,AGGCCACAGCCAAGTG,2097,1760,1284,0,906,0.0659090909090909,872,906,0.962472406181015,0.000646489730570465,0,1,6.59090909090909,100,False,False,False,False,True,False,5311
278336,TTCCTAAGTTGGCTAT,38,37,0,0,26,0,8,26,0.307692307692308,NA,NA,NA,0,NA,False,False,False,False,True,False,97712
20311,GAATCACCACGTTGGC,1272,1076,743,0,594,0.132899628252788,568,594,0.956228956228956,NA,NA,NA,13.2899628252788,NA,False,False,False,False,True,False,7319
35749,ATTCTACTCTACTATC,858,669,825,0,385,0.0328849028400597,366,385,0.950649350649351,NA,NA,NA,3.28849028400597,NA,False,False,False,False,True,False,63339
180696,AGAAATGGTTCAAACC,103,83,15,0,75,0.0602409638554216,63,75,0.84,NA,NA,NA,6.02409638554216,NA,False,False,False,False,True,False,80960
31605,AAGACTCGTGAGAGGG,1039,889,567,0,477,0.0449943757030371,462,477,0.968553459119497,NA,NA,NA,4.49943757030371,NA,False,False,False,False,True,False,23179
62859,TCGCTCATCGGCTTCT,1031,880,559,0,466,0.0159090909090909,449,466,0.963519313304721,NA,NA,NA,1.59090909090909,NA,False,False,False,False,True,False,27222
166144,CATTGAGCACAATGAA,139,128,15,0,118,0,111,118,0.940677966101695,NA,NA,NA,0,NA,False,False,False,False,True,False,78478
17218,TCTGCCAAGGGCGAGA,1080,891,511,0,478,0.0415263748597081,464,478,0.97071129707113,NA,NA,NA,4.15263748597081,NA,False,False,False,False,True,False,22769
31497,CAGCAGCAGATCCTAC,941,796,608,0,419,0.0050251256281407,406,419,0.968973747016706,NA,NA,NA,0.50251256281407,NA,False,False,False,False,True,False,48570
49480,GGGTGTCAGGAACGAA,1125,955,561,0,477,0.0617801047120418,453,477,0.949685534591195,NA,NA,NA,6.17801047120418,NA,False,False,False,False,True,False,23216
43382,TAACGACAGACCTGGA,1186,1014,556,0,512,0.0216962524654832,490,512,0.95703125,NA,NA,NA,2.16962524654832,NA,False,False,False,False,True,False,14195
35044,TTTGGTTTCATGGCCG,1031,817,950,0,451,0.122399020807834,428,451,0.9490022172949,NA,NA,NA,12.2399020807834,NA,False,False,False,False,True,False,33402
132623,GACATCAAGTGACACG,916,769,607,0,413,0.0299089726918075,394,413,0.953995157384988,NA,NA,NA,2.99089726918075,NA,False,False,False,False,True,False,51730
43508,CTACAGAGTACTAGCT,1012,800,935,0,449,0.05375,426,449,0.948775055679287,NA,NA,NA,5.375,NA,False,False,False,False,True,False,34333
58857,TCAAGTGGTCTAGGTT,782,677,359,0,361,0.0221565731166912,348,361,0.96398891966759,NA,NA,NA,2.21565731166912,NA,False,False,False,False,True,False,70326
78717,TGGTACAAGCACTGGA,872,735,514,0,384,0.0530612244897959,369,384,0.9609375,NA,NA,NA,5.30612244897959,NA,False,False,False,False,True,False,63835
42112,CAGCGTGCAACCTATG,1146,934,754,0,504,0.0149892933618843,478,504,0.948412698412698,NA,NA,NA,1.49892933618843,NA,False,False,False,False,True,False,15805
408712,TACCCGTTCTTTACAC,35,32,4,0,28,0,19,28,0.678571428571429,NA,NA,NA,0,NA,False,False,False,False,True,False,96171
9793,GATTGGTCAAGGCGTA,907,776,515,0,431,0.0347938144329896,419,431,0.97215777262181,NA,NA,NA,3.47938144329896,NA,False,False,False,False,True,False,42626
48647,ATCTCTATCCATGCAA,758,608,673,0,347,0.0164473684210526,332,347,0.956772334293948,NA,NA,NA,1.64473684210526,NA,False,False,False,False,True,False,72865
118918,TTCGCTGTCTACACAG,909,769,529,0,410,0.0104031209362808,391,410,0.953658536585366,NA,NA,NA,1.04031209362808,NA,False,False,False,False,True,False,53135
19976,GTACAACCAAGTGCAG,1075,933,475,0,479,0.082529474812433,466,479,0.97286012526096,NA,NA,NA,8.2529474812433,NA,False,False,False,False,True,False,22458
43652,GGGACTCGTCACTCGG,1034,855,729,0,476,0.087719298245614,459,476,0.964285714285714,NA,NA,NA,8.7719298245614,NA,False,False,False,False,True,False,23550
131733,AAATGGATCCCTAGGG,133,115,25,0,101,0.104347826086957,85,101,0.841584158415842,NA,NA,NA,10.4347826086957,NA,False,False,False,False,True,False,79109
172547,TGGCGTGTCAAATGCC,47,46,2,0,33,0.0217391304347826,28,33,0.848484848484849,NA,NA,NA,2.17391304347826,NA,False,False,False,False,True,False,92154
56426,GGGTATTAGAGGTCGT,780,674,333,0,401,0.0400593471810089,383,401,0.955112219451372,NA,NA,NA,4.00593471810089,NA,False,False,False,False,True,False,57067
156435,TCCTCTTTCATTTGCT,782,621,679,0,359,0.0450885668276972,337,359,0.938718662952646,NA,NA,NA,4.50885668276972,NA,False,False,False,False,True,False,70844
19778,CTACCCATCTGCGGAC,1162,955,677,0,503,0.0963350785340314,482,503,0.958250497017893,NA,NA,NA,9.63350785340314,NA,False,False,False,False,True,False,15969
80030,TAGGGTTAGCGCTGCT,945,786,486,0,396,0.0305343511450381,378,396,0.954545454545455,NA,NA,NA,3.05343511450381,NA,False,False,False,False,True,False,59233
46249,TCCCAGTCATGGATCT,930,788,502,0,409,0.0228426395939086,394,409,0.963325183374083,NA,NA,NA,2.28426395939086,NA,False,False,False,False,True,False,53380
48450,TTACCATGTTACACAC,919,747,663,0,412,0.100401606425703,393,412,0.953883495145631,NA,NA,NA,10.0401606425703,NA,False,False,False,False,True,False,52009
214904,TGCGACGAGTATGGCG,43,40,5,0,34,0,33,34,0.970588235294118,NA,NA,NA,0,NA,False,False,False,False,True,False,91673
29775,TCTTTGAAGTTGTCAC,830,728,374,0,404,0.037087912087912,388,404,0.96039603960396,NA,NA,NA,3.7087912087912,NA,False,False,False,False,True,False,55612
13504,ATACCTTTCACCTGTC,935,761,702,0,439,0.0315374507227332,422,439,0.96127562642369,NA,NA,NA,3.15374507227332,NA,False,False,False,False,True,False,38784
50789,ATGGTTGAGTGGTCAG,817,675,555,0,383,0.121481481481481,375,383,0.97911227154047,NA,NA,NA,12.1481481481481,NA,False,False,False,False,True,False,64152
3148,TTTAGTCTCTTCCTAA,37658,34251,4514,0,18606,0.277305772094245,12821,18606,0.689078791787595,0.999977231025696,17092,0.0813716005589595,27.7305772094245,8.13716005589595,True,True,True,True,False,False,2236
132533,GTTCGCTGTGTCCATA,997,851,582,0,472,0.0058754406580493,449,472,0.951271186440678,NA,NA,NA,0.58754406580493,NA,False,False,False,False,True,False,25050
34705,AGTCATGAGTAGACCG,1301,1078,734,0,585,0.145640074211503,564,585,0.964102564102564,NA,NA,NA,14.5640074211503,NA,False,False,False,False,True,False,7591
11910,ACACCAATCCGAGTGC,945,777,796,0,415,0.0154440154440154,403,415,0.971084337349398,NA,NA,NA,1.54440154440154,NA,False,False,False,False,True,False,50421
1707703,CCGTAGGCAGTTGCGC,64,37,24,0,37,0.027027027027027,37,37,1,NA,NA,NA,2.7027027027027,NA,False,False,False,False,True,False,90204
48650,AGGTTACTCGTTCTAT,867,711,694,0,402,0.0112517580872011,380,402,0.945273631840796,NA,NA,NA,1.12517580872011,NA,False,False,False,False,True,False,56601
166056,GGACGTCAGCCAGACA,32,25,11,0,24,0.04,16,24,0.666666666666667,NA,NA,NA,4,NA,False,False,False,False,True,False,99186
12224,AGGGCTCCATCCGTGG,1064,900,633,0,467,0.04,435,467,0.931477516059957,NA,NA,NA,4,NA,False,False,False,False,True,False,26629
126955,GACTTCCCAACAAGTA,1007,838,551,0,435,0.0727923627684964,420,435,0.96551724137931,NA,NA,NA,7.27923627684964,NA,False,False,False,False,True,False,41054
131841,TGATCTTAGCTCGCAC,237,203,32,0,181,0.0394088669950738,157,181,0.867403314917127,NA,NA,NA,3.94088669950738,NA,False,False,False,False,True,False,77414
124908,TGAATCGTCAGTCACA,905,781,369,0,412,0.0409731113956466,398,412,0.966019417475728,NA,NA,NA,4.09731113956466,NA,False,False,False,False,True,False,52221
165860,GTGAGCCAGACCTCAT,1045,900,547,0,470,0.0255555555555555,440,470,0.936170212765957,NA,NA,NA,2.55555555555555,NA,False,False,False,False,True,False,25829
219808,ATGCATGTCGGCAGTC,70,62,9,0,57,0.032258064516129,49,57,0.859649122807018,NA,NA,NA,3.2258064516129,NA,False,False,False,False,True,False,83612
22348,AAGAACAAGACCTCCG,997,846,509,0,465,0.0307328605200945,446,465,0.959139784946237,NA,NA,NA,3.07328605200945,NA,False,False,False,False,True,False,27495
6929,AAGTGAAGTTGTTGTG,867,726,619,0,375,0.0330578512396694,351,375,0.936,NA,NA,NA,3.30578512396694,NA,False,False,False,False,True,False,66647
122203,CCTCTAGAGAAACTGT,748,637,391,0,357,0.0094191522762951,337,357,0.943977591036415,NA,NA,NA,0.94191522762951,NA,False,False,False,False,True,False,71221
324879,TTCTGTAGTATGCTTG,42,37,2,0,33,0.054054054054054,23,33,0.696969696969697,NA,NA,NA,5.4054054054054,NA,False,False,False,False,True,False,92469
21638,TCGGTCTCAAATTGCC,969,836,493,0,479,0.0322966507177033,457,479,0.954070981210856,NA,NA,NA,3.22966507177033,NA,False,False,False,False,True,False,22464
176865,GTGTTCCGTATCGAGG,42,40,3,0,35,0.15,30,35,0.857142857142857,NA,NA,NA,15,NA,False,False,False,False,True,False,90951
31690,CGAAGGACATCTTTCA,1155,958,747,0,489,0.0260960334029227,468,489,0.957055214723926,NA,NA,NA,2.60960334029227,NA,False,False,False,False,True,False,19504
115874,AACCCAACAGGCGAAT,979,815,630,0,436,0.014723926380368,409,436,0.938073394495413,NA,NA,NA,1.4723926380368,NA,False,False,False,False,True,False,40540
60858,TGCAGATTCCGCACTT,1251,1040,719,0,554,0.0567307692307692,531,554,0.958483754512635,NA,NA,NA,5.67307692307692,NA,False,False,False,False,True,False,9148
130873,AACAGGGAGCCTGTGC,75,65,25,0,59,0.0153846153846153,51,59,0.864406779661017,NA,NA,NA,1.53846153846153,NA,False,False,False,False,True,False,83142
150328,TAACACGTCACCTCTG,45,41,7,0,27,0,6,27,0.222222222222222,NA,NA,NA,0,NA,False,False,False,False,True,False,96401
71335,TCGAACATCAAGCGTT,902,740,580,0,400,0.0702702702702702,387,400,0.9675,NA,NA,NA,7.02702702702702,NA,False,False,False,False,True,False,57580
218769,TATCGCCTCTTACCGC,106,87,87,0,41,0.114942528735632,22,41,0.536585365853659,NA,NA,NA,11.4942528735632,NA,False,False,False,False,True,False,88196
97131,AACGAAATCCCGTAAA,1128,955,630,0,519,0.0293193717277486,493,519,0.94990366088632,NA,NA,NA,2.93193717277486,NA,False,False,False,False,True,False,12989
28579,GTTAGTGCATCTGCGG,1005,790,911,0,421,0.116455696202532,404,421,0.959619952494062,NA,NA,NA,11.6455696202532,NA,False,False,False,False,True,False,47614
152989,TTTCAGTAGCGGTAGT,632,511,548,0,305,0.0313111545988258,292,305,0.957377049180328,NA,NA,NA,3.13111545988258,NA,False,False,False,False,True,False,75860
48716,AATCGACTCGTCGACG,771,659,358,0,337,0.0652503793626707,329,337,0.976261127596439,NA,NA,NA,6.52503793626707,NA,False,False,False,False,True,False,74042
45557,GTGGAAGTCCACGGGT,881,764,384,0,372,0.06282722513089,360,372,0.967741935483871,NA,NA,NA,6.282722513089,NA,False,False,False,False,True,False,67615
14918,TCACACCGTTTCTATC,1761,1458,1091,0,783,0.0384087791495198,636,783,0.812260536398467,7.32118933228776e-05,0,1,3.84087791495198,100,False,True,False,False,True,False,5850
80402,CACGTTCTCTTCCTAA,301,259,31,0,226,0.0733590733590733,177,226,0.783185840707965,NA,NA,NA,7.33590733590733,NA,False,False,False,False,True,False,76956
255578,AGACCATTCTGGGCAC,46,39,9,0,34,0.0256410256410256,27,34,0.794117647058823,NA,NA,NA,2.56410256410256,NA,False,False,False,False,True,False,91780
130648,ACCGTTCCATGTCTAG,1033,865,725,0,467,0.0277456647398843,441,467,0.944325481798715,NA,NA,NA,2.77456647398843,NA,False,False,False,False,True,False,26935
1095,ATTTACCCAATAGTGA,477,383,355,0,201,0.0443864229765013,191,201,0.950248756218905,NA,NA,NA,4.43864229765013,NA,False,False,False,False,True,False,77189
161649,TGTTCATCAGGTTCCG,787,659,506,0,368,0.0106221547799696,351,368,0.953804347826087,NA,NA,NA,1.06221547799696,NA,False,False,False,False,True,False,68832
1190867,TGTTCCGTCTTCTGGC,47,26,19,0,25,0,25,25,1,NA,NA,NA,0,NA,False,False,False,False,True,False,98907
115633,ATCTTCAGTAGCTGAG,1050,903,443,0,495,0.0166112956810631,478,495,0.965656565656566,NA,NA,NA,1.66112956810631,NA,False,False,False,False,True,False,18022
76555,ACAAGCTCACCTCTGT,89,75,9,0,69,0.0933333333333333,56,69,0.811594202898551,NA,NA,NA,9.33333333333333,NA,False,False,False,False,True,False,81622
15338,GCGGATCTCAGCACCG,909,772,521,0,406,0.0272020725388601,390,406,0.960591133004926,NA,NA,NA,2.72020725388601,NA,False,False,False,False,True,False,54609
46812,ACGTTCCTCTAGAACC,996,829,616,0,444,0.0144752714113389,405,444,0.912162162162162,NA,NA,NA,1.44752714113389,NA,False,False,False,False,True,False,36635
200165,ATCCCTGGTTGCAAGG,131,117,15,0,101,0.0341880341880341,84,101,0.831683168316832,NA,NA,NA,3.41880341880341,NA,False,False,False,False,True,False,79119
240566,GATCACACATGGAAGC,46,44,6,0,28,0.0454545454545454,14,28,0.5,NA,NA,NA,4.54545454545454,NA,False,False,False,False,True,False,95924
30311,TGTTCCGGTCCAGCAC,936,784,561,0,427,0.0331632653061224,414,427,0.969555035128806,NA,NA,NA,3.31632653061224,NA,False,False,False,False,True,False,44693
72589,GAGCTGCAGGACAGCT,1016,841,615,0,451,0.0059453032104637,431,451,0.955654101995565,NA,NA,NA,0.59453032104637,NA,False,False,False,False,True,False,33539
13574,GGAAGTGTCAGCTCTC,821,703,440,0,379,0.011379800853485,370,379,0.976253298153034,NA,NA,NA,1.1379800853485,NA,False,False,False,False,True,False,65425
5275,TCGTGCTCACAAGCTT,5174,4763,693,0,1468,0.0035691790888095,720,1468,0.490463215258856,0.999921083450317,296,0.798365122615804,0.35691790888095,79.8365122615804,True,True,False,False,True,False,4732
77318,CGAGGCTGTATTAAGG,964,816,602,0,445,0.017156862745098,422,445,0.948314606741573,NA,NA,NA,1.7156862745098,NA,False,False,False,False,True,False,36249
414723,CAACGGCGTCCTTGTC,36,33,2,0,25,0,24,25,0.96,NA,NA,NA,0,NA,False,False,False,False,True,False,98829
4200,TATGTTCTCTATTCGT,35771,32495,4021,0,15828,0.208339744576089,7976,15828,0.5039171089209,0.999993920326233,14687,0.0720874399797827,20.8339744576089,7.20874399797827,True,True,True,True,False,False,2589
135017,ATCCCTGAGTTTGAGA,982,833,537,0,459,0.0168067226890756,430,459,0.93681917211329,NA,NA,NA,1.68067226890756,NA,False,False,False,False,True,False,30208
90652,AGGCCACAGAGAGTGA,1174,1015,508,0,515,0.136945812807882,502,515,0.974757281553398,NA,NA,NA,13.6945812807882,NA,False,False,False,False,True,False,13672
60030,TGCAGATGTCTCAGGC,1110,887,842,0,488,0.0372040586245772,462,488,0.94672131147541,NA,NA,NA,3.72040586245772,NA,False,False,False,False,True,False,19866
154943,GAGTGTTCAATGTCAC,1028,861,700,0,443,0.0069686411149825,423,443,0.954853273137698,NA,NA,NA,0.69686411149825,NA,False,False,False,False,True,False,37327
46539,TTTCAGTAGACGGTCA,787,658,498,0,370,0.0319148936170212,358,370,0.967567567567568,NA,NA,NA,3.19148936170212,NA,False,False,False,False,True,False,68175
172475,AGGACTTTCTCGCTTG,118,100,24,0,96,0.07,80,96,0.833333333333333,NA,NA,NA,7,NA,False,False,False,False,True,False,79363
9018,GGGTTTACAGCTTCCT,1036,846,827,0,472,0.0673758865248227,459,472,0.972457627118644,NA,NA,NA,6.73758865248227,NA,False,False,False,False,True,False,24764
219190,CGTTAGAGTGTAGTGG,147,138,13,0,67,0,19,67,0.283582089552239,NA,NA,NA,0,NA,False,False,False,False,True,False,81967
29275,TGCAGATGTCCGGATC,1239,1026,766,0,542,0.0253411306042884,519,542,0.957564575645756,NA,NA,NA,2.53411306042884,NA,False,False,False,False,True,False,10062
377224,GTAGAGGGTCCGGTCA,77,66,1,0,51,0,16,51,0.313725490196078,NA,NA,NA,0,NA,False,False,False,False,True,False,85039
80818,ACTTCGCGTGTCCACG,850,732,282,0,402,0.0273224043715847,384,402,0.955223880597015,NA,NA,NA,2.73224043715847,NA,False,False,False,False,True,False,56692
98235,ATCTTCAGTGAATAAC,858,739,460,0,434,0.0365358592692828,418,434,0.963133640552995,NA,NA,NA,3.65358592692828,NA,False,False,False,False,True,False,41472
6133,AACAAGAAGTCGCCAC,1035,861,732,0,455,0.0185830429732868,435,455,0.956043956043956,NA,NA,NA,1.85830429732868,NA,False,False,False,False,True,False,31556
161164,CTCATTACATAATCGC,120,100,17,0,77,0.08,46,77,0.597402597402597,NA,NA,NA,8,NA,False,False,False,False,True,False,80747
14736,ATCCTATCAAGGCGTA,842,711,438,0,385,0.0998593530239099,372,385,0.966233766233766,NA,NA,NA,9.98593530239099,NA,False,False,False,False,True,False,63277
4916,AAAGGGCGTGTTGCCG,1843,1617,643,0,885,0.0247371675943104,856,885,0.967231638418079,0.002605035668239,0,1,2.47371675943104,100,False,False,False,False,True,False,5397
196230,CTCCACATCGGCCAAC,1003,848,542,0,459,0.0436320754716981,433,459,0.943355119825708,NA,NA,NA,4.36320754716981,NA,False,False,False,False,True,False,30261
17450,TCGGATATCTTCCCGA,948,797,521,0,420,0.0363864491844416,395,420,0.94047619047619,NA,NA,NA,3.63864491844416,NA,False,False,False,False,True,False,48020
107926,TCAGTGAGTCCGACGT,980,802,591,0,408,0.0374064837905236,389,408,0.95343137254902,NA,NA,NA,3.74064837905236,NA,False,False,False,False,True,False,54001
55380,CCGGGTATCCGTTGGG,1056,895,598,0,473,0.0849162011173184,453,473,0.957716701902748,NA,NA,NA,8.49162011173184,NA,False,False,False,False,True,False,24595
27848,GACATCAAGCATTTCG,1247,1036,834,0,537,0.0144787644787644,518,537,0.964618249534451,NA,NA,NA,1.44787644787644,NA,False,False,False,False,True,False,10578
17548,CAGATACCACCGTCTT,983,827,594,0,429,0.026602176541717,414,429,0.965034965034965,NA,NA,NA,2.6602176541717,NA,False,False,False,False,True,False,43637
32700,TGATCTTCAAGTGCTT,787,692,394,0,348,0.0289017341040462,335,348,0.96264367816092,NA,NA,NA,2.89017341040462,NA,False,False,False,False,True,False,72696
30709,GTTGCGGGTATTTCTC,915,754,704,0,413,0.013262599469496,397,413,0.961259079903148,NA,NA,NA,1.3262599469496,NA,False,False,False,False,True,False,51431
26282,CCGATGGTCGGTCACG,824,691,440,0,410,0.044862518089725,398,410,0.970731707317073,NA,NA,NA,4.4862518089725,NA,False,False,False,False,True,False,52844
29675,TTCTGTACATCGCTGG,838,673,737,0,360,0.025260029717682,347,360,0.963888888888889,NA,NA,NA,2.5260029717682,NA,False,False,False,False,True,False,70497
54400,GTTACCCGTGCCCGTA,1018,827,731,0,459,0.0374848851269649,434,459,0.945533769063181,NA,NA,NA,3.74848851269649,NA,False,False,False,False,True,False,30052
31416,GCAGCTGAGTGATCGG,1071,909,595,0,489,0.0462046204620462,470,489,0.961145194274029,NA,NA,NA,4.62046204620462,NA,False,False,False,False,True,False,19503
32363,ATTCCCGCAAGACGGT,978,753,1049,0,422,0.134130146082337,408,422,0.966824644549763,NA,NA,NA,13.4130146082337,NA,False,False,False,False,True,False,47153
145871,TGTCCTGGTATCAGCT,921,751,659,0,389,0.0199733688415446,376,389,0.966580976863753,NA,NA,NA,1.99733688415446,NA,False,False,False,False,True,False,62076
25614,GCAGCCATCATCTCTA,829,683,629,0,381,0.048316251830161,367,381,0.963254593175853,NA,NA,NA,4.8316251830161,NA,False,False,False,False,True,False,64789
77242,CCTTCAGAGGACATCG,671,550,544,0,292,0.0145454545454545,275,292,0.941780821917808,NA,NA,NA,1.45454545454545,NA,False,False,False,False,True,False,76175
13544,AAACCCACAAGACCTT,1138,938,735,0,472,0.0277185501066098,448,472,0.949152542372881,NA,NA,NA,2.77185501066098,NA,False,False,False,False,True,False,24784
461,GGTTGTATCGAACCAT,998,815,698,0,437,0.0269938650306748,422,437,0.965675057208238,NA,NA,NA,2.69938650306748,NA,False,False,False,False,True,False,39686
61402,ATTCCCGCAGAAACCG,1094,887,759,0,473,0.0135287485907553,448,473,0.947145877378435,NA,NA,NA,1.35287485907553,NA,False,False,False,False,True,False,24610
90949,AATCGACGTAGGAAAG,827,706,437,0,366,0.0269121813031161,349,366,0.953551912568306,NA,NA,NA,2.69121813031161,NA,False,False,False,False,True,False,69269
189153,GTATTGGAGCGACTTT,45,36,7,0,30,0.0555555555555555,23,30,0.766666666666667,NA,NA,NA,5.55555555555555,NA,False,False,False,False,True,False,94223
111482,CGATCGGAGTCCGCGT,543,475,277,0,276,0.0378947368421052,267,276,0.967391304347826,NA,NA,NA,3.78947368421052,NA,False,False,False,False,True,False,76416
81031,ACCCAAAAGAGGGCGA,970,848,455,0,444,0.017688679245283,426,444,0.959459459459459,NA,NA,NA,1.7688679245283,NA,False,False,False,False,True,False,36738
70983,TCCATGCTCAACCTCC,1187,993,834,0,502,0.0100704934541792,475,502,0.946215139442231,NA,NA,NA,1.00704934541792,NA,False,False,False,False,True,False,16283
205931,ATCGCCTAGTATTAGG,32,28,3,0,25,0.0357142857142857,21,25,0.84,NA,NA,NA,3.57142857142857,NA,False,False,False,False,True,False,98341
24571,CTGGACGGTACTCCCT,1119,918,707,0,494,0.0773420479302832,468,494,0.947368421052632,NA,NA,NA,7.73420479302832,NA,False,False,False,False,True,False,18125
204933,GCAGGCTAGGGAGTTC,130,41,11,0,35,0.024390243902439,30,35,0.857142857142857,NA,NA,NA,2.4390243902439,NA,False,False,False,False,True,False,91022
249637,AGTTCCCCATCGTGCG,42,40,0,0,34,0.075,28,34,0.823529411764706,NA,NA,NA,7.5,NA,False,False,False,False,True,False,91762
26419,GAATCACCATGAGAAT,45,35,6,0,28,0.0857142857142857,27,28,0.964285714285714,NA,NA,NA,8.57142857142857,NA,False,False,False,False,True,False,95389
11794,CATACTTCATCCTCAC,1186,978,882,0,539,0.041922290388548,506,539,0.938775510204082,NA,NA,NA,4.1922290388548,NA,False,False,False,False,True,False,10317
158527,TTAATCCAGTTTAGGA,823,710,354,0,397,0.0408450704225352,374,397,0.942065491183879,NA,NA,NA,4.08450704225352,NA,False,False,False,False,True,False,58979
12291,GAGACCCCAACCTAAC,1319,1090,747,0,573,0.123853211009174,550,573,0.959860383944154,NA,NA,NA,12.3853211009174,NA,False,False,False,False,True,False,8049
32068,ATGCCTCAGAACCGCA,681,547,617,0,276,0.016453382084095,263,276,0.952898550724638,NA,NA,NA,1.6453382084095,NA,False,False,False,False,True,False,76407
82945,AGAGAATGTATGACAA,1095,941,490,0,497,0.0456960680127523,476,497,0.957746478873239,NA,NA,NA,4.56960680127523,NA,False,False,False,False,True,False,17445
166444,GTCTTTAGTGACTCGC,126,117,4,0,94,0.0598290598290598,72,94,0.765957446808511,NA,NA,NA,5.98290598290598,NA,False,False,False,False,True,False,79483
154403,CCTCAACGTGTTTGCA,93,83,6,0,78,0.0240963855421686,71,78,0.91025641025641,NA,NA,NA,2.40963855421686,NA,False,False,False,False,True,False,80639
83616,TGAATCGCATAGATCC,1032,865,591,0,452,0.0254335260115606,435,452,0.962389380530973,NA,NA,NA,2.54335260115606,NA,False,False,False,False,True,False,33101
31761,GGCAGTCTCTTCGATT,1176,951,990,0,492,0.0588853838065194,475,492,0.965447154471545,NA,NA,NA,5.88853838065194,NA,False,False,False,False,True,False,18639
146209,TTCCTTCAGCGGACAT,1179,1000,623,0,539,0.014,520,539,0.964749536178108,NA,NA,NA,1.4,NA,False,False,False,False,True,False,10393
60463,TCGAAGTGTTGGGTAG,975,833,501,0,481,0.0732292917166866,451,481,0.937629937629938,NA,NA,NA,7.32292917166866,NA,False,False,False,False,True,False,21940
70208,GGTAACTAGGACTTCT,947,772,664,0,418,0.0479274611398963,383,418,0.916267942583732,NA,NA,NA,4.79274611398963,NA,False,False,False,False,True,False,49192
83964,GGTCACGAGGTGCCTC,862,718,566,0,381,0.0194986072423398,368,381,0.965879265091864,NA,NA,NA,1.94986072423398,NA,False,False,False,False,True,False,64916
152391,CCGGGTACAGCAGGAT,947,759,805,0,405,0.0223978919631093,392,405,0.967901234567901,NA,NA,NA,2.23978919631093,NA,False,False,False,False,True,False,55463
61417,TTCCTTCCAACCCTCT,1811,1561,971,0,779,0.0320307495195387,471,779,0.604621309370988,0.000543927541002631,0,1,3.20307495195387,100,False,True,False,False,True,False,5870
60713,TATTTCGCACAATTCG,70,61,18,0,55,0.0163934426229508,48,55,0.872727272727273,NA,NA,NA,1.63934426229508,NA,False,False,False,False,True,False,83873
212934,ATCGTCCCATACCATG,37,35,2,0,28,0,24,28,0.857142857142857,NA,NA,NA,0,NA,False,False,False,False,True,False,95820
171866,TCTGCCATCTCCGATC,39,33,5,0,30,0.121212121212121,21,30,0.7,NA,NA,NA,12.1212121212121,NA,False,False,False,False,True,False,94169
97410,AGTGCCGCAAGTATCC,1140,960,615,0,472,0.0177083333333333,444,472,0.940677966101695,NA,NA,NA,1.77083333333333,NA,False,False,False,False,True,False,25003
20313,GGCTTGGGTTCCATTT,983,829,540,0,440,0.0989143546441495,428,440,0.972727272727273,NA,NA,NA,9.89143546441495,NA,False,False,False,False,True,False,38361
233919,AGCGATTCAACCAATC,89,79,3,0,65,0.050632911392405,56,65,0.861538461538462,NA,NA,NA,5.0632911392405,NA,False,False,False,False,True,False,82273
60216,TAGCACAGTTCGTGCG,822,679,552,0,386,0.0353460972017673,363,386,0.940414507772021,NA,NA,NA,3.53460972017673,NA,False,False,False,False,True,False,63029
77558,GAAGTAATCTTGGTGA,41,35,5,0,30,0.0571428571428571,24,30,0.8,NA,NA,NA,5.71428571428571,NA,False,False,False,False,True,False,93993
110618,CACTGTCAGTGCTCGC,1080,910,695,0,479,0.0461538461538461,454,479,0.947807933194154,NA,NA,NA,4.61538461538461,NA,False,False,False,False,True,False,22671
196336,AAGATAGCATACTGAC,174,140,101,0,73,0.0285714285714285,69,73,0.945205479452055,NA,NA,NA,2.85714285714285,NA,False,False,False,False,True,False,81179
48326,GACCGTGTCTCGTTTA,715,608,426,0,321,0.0411184210526315,308,321,0.959501557632399,NA,NA,NA,4.11184210526315,NA,False,False,False,False,True,False,75244
254922,ACGATGTGTGGCTTGC,151,44,27,0,38,0,35,38,0.921052631578947,NA,NA,NA,0,NA,False,False,False,False,True,False,89588
96595,ACAGCCGGTACTCAAC,1010,799,1027,0,429,0.0187734668335419,402,429,0.937062937062937,NA,NA,NA,1.87734668335419,NA,False,False,False,False,True,False,43912
269188,TCCCACAAGTCGAGGT,55,52,0,0,25,0.173076923076923,22,25,0.88,NA,NA,NA,17.3076923076923,NA,False,False,False,False,True,False,98582
25383,GTGTAACTCGAGTCCG,1279,1088,746,0,552,0.0955882352941176,523,552,0.947463768115942,NA,NA,NA,9.55882352941176,NA,False,False,False,False,True,False,9268
215496,ATCGTAGCAACTGATC,44,40,9,0,36,0.1,29,36,0.805555555555556,NA,NA,NA,10,NA,False,False,False,False,True,False,90501
48836,TCCGTGTTCGCTGACG,1631,1353,1002,0,749,0.0103473762010347,710,749,0.947930574098798,0.000269131764071062,0,1,1.03473762010347,100,False,False,False,False,True,False,6000
26260,TCTACCGAGCCATATC,1060,899,653,0,502,0.0344827586206896,480,502,0.956175298804781,NA,NA,NA,3.44827586206896,NA,False,False,False,False,True,False,16202
81797,GTGTAACCATGGCACC,886,754,499,0,393,0.0225464190981432,377,393,0.959287531806616,NA,NA,NA,2.25464190981432,NA,False,False,False,False,True,False,60420
37280,AAGAACACAGGTACGA,1086,937,545,0,510,0.0373532550693703,486,510,0.952941176470588,NA,NA,NA,3.73532550693703,NA,False,False,False,False,True,False,14590
92559,AAGAACAAGCAAGTCG,65,59,2,0,42,0.11864406779661,39,42,0.928571428571429,NA,NA,NA,11.864406779661,NA,False,False,False,False,True,False,87569
220961,GAAGTAAAGACGCATG,133,115,20,0,109,0.0260869565217391,104,109,0.954128440366973,NA,NA,NA,2.60869565217391,NA,False,False,False,False,True,False,78781
110778,CTTCCGACAGCGCGTT,973,815,558,0,443,0.0404907975460122,407,443,0.918735891647856,NA,NA,NA,4.04907975460122,NA,False,False,False,False,True,False,37271
155587,AGGAAATGTAGCGAGT,902,758,461,0,408,0.0131926121372031,390,408,0.955882352941177,NA,NA,NA,1.31926121372031,NA,False,False,False,False,True,False,54085
54505,TCACACCTCGCCTAGG,1113,933,678,0,485,0.0128617363344051,469,485,0.967010309278351,NA,NA,NA,1.28617363344051,NA,False,False,False,False,True,False,20695
53132,CACTGGGAGTGCGCTC,923,804,386,0,417,0.0161691542288557,395,417,0.947242206235012,NA,NA,NA,1.61691542288557,NA,False,False,False,False,True,False,49622
56253,GGTGAAGGTCAAGCGA,999,840,571,0,425,0.0369047619047619,408,425,0.96,NA,NA,NA,3.69047619047619,NA,False,False,False,False,True,False,45766
16590,GTGCTGGCAGTGCCTG,935,777,694,0,404,0.0244530244530244,387,404,0.957920792079208,NA,NA,NA,2.44530244530244,NA,False,False,False,False,True,False,55562
67081,TAACGACCATCCGGCA,51,44,12,0,36,0.0454545454545454,30,36,0.833333333333333,NA,NA,NA,4.54545454545454,NA,False,False,False,False,True,False,90250
31225,AGTTAGCCACAAAGCG,1153,977,609,0,534,0.0399181166837256,514,534,0.962546816479401,NA,NA,NA,3.99181166837256,NA,False,False,False,False,True,False,10912
169636,GATCATGGTGTGGACA,42,37,28,0,24,0.027027027027027,10,24,0.416666666666667,NA,NA,NA,2.7027027027027,NA,False,False,False,False,True,False,99200
120541,CACATGACATCCTCAC,1011,823,833,0,450,0.0145808019441069,434,450,0.964444444444444,NA,NA,NA,1.45808019441069,NA,False,False,False,False,True,False,34053
173541,ATGGAGGTCATTCTTG,986,848,601,0,451,0.0341981132075471,427,451,0.946784922394678,NA,NA,NA,3.41981132075471,NA,False,False,False,False,True,False,33698
78134,GCCGTGATCAGGGATG,864,696,677,0,387,0.0272988505747126,366,387,0.945736434108527,NA,NA,NA,2.72988505747126,NA,False,False,False,False,True,False,62713
192195,CCACTTGCACACCAGC,38,32,8,0,24,0.03125,18,24,0.75,NA,NA,NA,3.125,NA,False,False,False,False,True,False,99280
126697,AGACAGGGTCGCATGC,36,26,8,0,25,0.115384615384615,23,25,0.92,NA,NA,NA,11.5384615384615,NA,False,False,False,False,True,False,98086
67096,ACGTTCCAGGTTGCCC,1017,818,1033,0,447,0.0488997555012225,430,447,0.961968680089485,NA,NA,NA,4.88997555012225,NA,False,False,False,False,True,False,35306
21374,ACTTTGTTCTTTACAC,894,753,530,0,439,0.096945551128818,421,439,0.958997722095672,NA,NA,NA,9.6945551128818,NA,False,False,False,False,True,False,38827
29032,ACCTGTCGTCCATACA,1061,900,523,0,481,0.0455555555555555,470,481,0.977130977130977,NA,NA,NA,4.55555555555555,NA,False,False,False,False,True,False,21848
90296,TCAGGTAGTGCCCAGT,1038,890,587,0,491,0.048314606741573,472,491,0.961303462321792,NA,NA,NA,4.8314606741573,NA,False,False,False,False,True,False,19048
50814,AAGAACAGTCAAAGAT,1188,1005,627,0,525,0.0497512437810945,498,525,0.948571428571429,NA,NA,NA,4.97512437810945,NA,False,False,False,False,True,False,12050
11292,CTCCGATAGGTCATAA,1103,901,759,0,481,0.027746947835738,457,481,0.95010395010395,NA,NA,NA,2.7746947835738,NA,False,False,False,False,True,False,21783
92719,TGAGGTTGTACGAAAT,850,704,511,0,389,0.0383522727272727,370,389,0.951156812339332,NA,NA,NA,3.83522727272727,NA,False,False,False,False,True,False,61986
228850,CCACTTGCAAATGATG,33,27,7,0,24,0.111111111111111,19,24,0.791666666666667,NA,NA,NA,11.1111111111111,NA,False,False,False,False,True,False,99435
111556,GTACAACTCCATATGG,1031,868,682,0,463,0.0576036866359447,440,463,0.950323974082073,NA,NA,NA,5.76036866359447,NA,False,False,False,False,True,False,28554
97028,GGCTTTCAGAAACTCA,1179,926,1091,0,512,0.0518358531317494,493,512,0.962890625,NA,NA,NA,5.18358531317494,NA,False,False,False,False,True,False,14254
355014,AGCCAATGTTGGCTAT,52,46,10,0,26,0.0869565217391304,7,26,0.269230769230769,NA,NA,NA,8.69565217391304,NA,False,False,False,False,True,False,97838
83066,AATGGCTCAAACCACT,982,841,537,0,442,0.0202140309155766,426,442,0.963800904977376,NA,NA,NA,2.02140309155766,NA,False,False,False,False,True,False,37636
81272,TTCCAATTCCACTGGG,884,706,748,0,402,0.036827195467422,379,402,0.942786069651741,NA,NA,NA,3.6827195467422,NA,False,False,False,False,True,False,56693
52933,GGCACGTGTCCAGCAC,1022,862,660,0,428,0.0417633410672853,400,428,0.934579439252336,NA,NA,NA,4.17633410672853,NA,False,False,False,False,True,False,44282
86649,ACCCTTGGTTGCCGAC,922,754,660,0,396,0.0318302387267904,375,396,0.946969696969697,NA,NA,NA,3.18302387267904,NA,False,False,False,False,True,False,59246
97280,TATCAGGCAGAATCGG,809,676,475,0,368,0.0340236686390532,351,368,0.953804347826087,NA,NA,NA,3.40236686390532,NA,False,False,False,False,True,False,68751
167837,CTGAGCGTCGGCCTTT,49,42,24,0,33,0.0238095238095238,32,33,0.96969696969697,NA,NA,NA,2.38095238095238,NA,False,False,False,False,True,False,92128
30718,CGGGCATGTGGATCAG,939,755,727,0,416,0.0092715231788079,400,416,0.961538461538462,NA,NA,NA,0.92715231788079,NA,False,False,False,False,True,False,50005
31307,GGGCCATGTTAAACCC,235,210,38,0,195,0.0428571428571428,150,195,0.769230769230769,NA,NA,NA,4.28571428571428,NA,False,False,False,False,True,False,77254
19630,GACTCAACAAAGGCTG,1084,929,459,0,512,0.015069967707212,490,512,0.95703125,NA,NA,NA,1.5069967707212,NA,False,False,False,False,True,False,14138
91986,AACAACCTCTGCTAGA,974,814,568,0,431,0.027027027027027,409,431,0.948955916473318,NA,NA,NA,2.7027027027027,NA,False,False,False,False,True,False,42941
45013,CCTAAGACAATCCTTT,58,41,14,0,36,0.073170731707317,27,36,0.75,NA,NA,NA,7.3170731707317,NA,False,False,False,False,True,False,90232
56561,GAATCGTTCGCACGGT,1813,1499,1537,0,787,0.0220146764509673,752,787,0.955527318932656,0.000226192700210959,0,1,2.20146764509673,100,False,False,False,False,True,False,5836
72470,AGTAACCAGTGAGTGC,1008,851,557,0,402,0.0223266745005875,383,402,0.95273631840796,NA,NA,NA,2.23266745005875,NA,False,False,False,False,True,False,56680
113422,CGAGTGCAGTCGAGGT,151,144,8,0,68,0.0694444444444444,59,68,0.867647058823529,NA,NA,NA,6.94444444444444,NA,False,False,False,False,True,False,81762
47810,CCTTCAGGTCGGCTAC,910,769,503,0,425,0.0494148244473342,405,425,0.952941176470588,NA,NA,NA,4.94148244473342,NA,False,False,False,False,True,False,45728
84189,TTCAGGATCGCGCCAA,934,799,539,0,424,0.032540675844806,408,424,0.962264150943396,NA,NA,NA,3.2540675844806,NA,False,False,False,False,True,False,46357
90797,GATTGGTTCAACTACG,961,800,596,0,435,0.05,406,435,0.933333333333333,NA,NA,NA,5,NA,False,False,False,False,True,False,40979
65486,TGAACGTGTGCTGCAC,910,752,609,0,412,0.0571808510638297,393,412,0.953883495145631,NA,NA,NA,5.71808510638297,NA,False,False,False,False,True,False,52071
43903,TGCTTCGGTAGTGGCA,907,756,584,0,393,0.0158730158730158,377,393,0.959287531806616,NA,NA,NA,1.58730158730158,NA,False,False,False,False,True,False,60316
14557,TGCTTGCAGGGACAGG,1050,863,644,0,470,0.0556199304750869,450,470,0.957446808510638,NA,NA,NA,5.56199304750869,NA,False,False,False,False,True,False,25533
29729,TAGGTTGTCATCTACT,769,634,558,0,353,0.0252365930599369,337,353,0.954674220963173,NA,NA,NA,2.52365930599369,NA,False,False,False,False,True,False,71846
120602,GTAGTACAGATTCGAA,918,797,376,0,438,0.0250941028858218,421,438,0.961187214611872,NA,NA,NA,2.50941028858218,NA,False,False,False,False,True,False,39597
74086,CCTTCAGAGCAATTCC,713,581,469,0,339,0.0120481927710843,320,339,0.943952802359882,NA,NA,NA,1.20481927710843,NA,False,False,False,False,True,False,73872
35996,TCCGAAACAGGACATG,1079,901,615,0,449,0.0221975582685904,428,449,0.953229398663697,NA,NA,NA,2.21975582685904,NA,False,False,False,False,True,False,34301
50664,AAAGTGACAGGCGTTC,989,827,566,0,440,0.0350665054413542,415,440,0.943181818181818,NA,NA,NA,3.50665054413542,NA,False,False,False,False,True,False,38469
122072,AACAAAGGTCGTGATT,975,857,374,0,467,0.0081680280046674,449,467,0.961456102783726,NA,NA,NA,0.81680280046674,NA,False,False,False,False,True,False,26924
78540,ATGAAAGGTCTGTTAG,798,699,317,0,397,0.055793991416309,381,397,0.959697732997481,NA,NA,NA,5.5793991416309,NA,False,False,False,False,True,False,58817
152706,GAGAGGTGTCACTCGG,887,731,595,0,385,0.0054719562243502,371,385,0.963636363636364,NA,NA,NA,0.54719562243502,NA,False,False,False,False,True,False,63581
41497,TCCCATGCAGGAATAT,855,720,481,0,381,0.0583333333333333,360,381,0.94488188976378,NA,NA,NA,5.83333333333333,NA,False,False,False,False,True,False,64832
43128,GCCGATGCAAGTGCTT,116,100,25,0,92,0.04,83,92,0.902173913043478,NA,NA,NA,4,NA,False,False,False,False,True,False,79564
96978,AGCCAATGTGCTCCGA,926,795,478,0,408,0.010062893081761,393,408,0.963235294117647,NA,NA,NA,1.0062893081761,NA,False,False,False,False,True,False,53971
264928,TCACACCAGCGCCCAT,45,40,7,0,34,0,31,34,0.911764705882353,NA,NA,NA,0,NA,False,False,False,False,True,False,91800
165245,ATCGGCGTCTATGTGG,128,117,9,0,97,0.0512820512820512,91,97,0.938144329896907,NA,NA,NA,5.12820512820512,NA,False,False,False,False,True,False,79303
67072,GCTTCACTCCCTGTTG,962,772,850,0,425,0.0349740932642487,407,425,0.957647058823529,NA,NA,NA,3.49740932642487,NA,False,False,False,False,True,False,45814
109750,TGTTACTCATCTCATT,914,758,695,0,447,0.0395778364116095,423,447,0.946308724832215,NA,NA,NA,3.95778364116095,NA,False,False,False,False,True,False,35403
12879,TAGTGCATCATAGACC,955,787,608,0,406,0.0914866581956797,391,406,0.963054187192118,NA,NA,NA,9.14866581956797,NA,False,False,False,False,True,False,54599
101369,ATTCACTAGAAGGATG,798,679,367,0,377,0.0191458026509572,363,377,0.962864721485411,NA,NA,NA,1.91458026509572,NA,False,False,False,False,True,False,66246
90655,TACAACGTCTGCTGAA,1056,887,712,0,491,0.0225479143179255,467,491,0.95112016293279,NA,NA,NA,2.25479143179255,NA,False,False,False,False,True,False,19050
82134,AGGGTTTAGGCCCAAA,916,775,486,0,438,0.0309677419354838,417,438,0.952054794520548,NA,NA,NA,3.09677419354838,NA,False,False,False,False,True,False,39511
92835,TATCTGTAGGACGCAT,823,689,526,0,385,0.02322206095791,364,385,0.945454545454545,NA,NA,NA,2.322206095791,NA,False,False,False,False,True,False,63477
11275,CGTGCTTGTCCGACGT,717,590,558,0,350,0.0830508474576271,337,350,0.962857142857143,NA,NA,NA,8.30508474576271,NA,False,False,False,False,True,False,72344
119909,CGGGACTCAACAGATA,45,38,12,0,32,0.131578947368421,25,32,0.78125,NA,NA,NA,13.1578947368421,NA,False,False,False,False,True,False,92675
153509,GGTGTCGCATGCCATA,1072,905,630,0,486,0.0099447513812154,464,486,0.954732510288066,NA,NA,NA,0.99447513812154,NA,False,False,False,False,True,False,20528
207887,AACCAACCAGGCACTC,266,232,49,0,171,0.043103448275862,112,171,0.654970760233918,NA,NA,NA,4.3103448275862,NA,False,False,False,False,True,False,77514
15599,CTCACTGTCCATGATG,1050,845,899,0,464,0.0378698224852071,436,464,0.939655172413793,NA,NA,NA,3.78698224852071,NA,False,False,False,False,True,False,27851
120428,TAGACTGTCTCAAAGC,977,846,430,0,458,0.0165484633569739,442,458,0.965065502183406,NA,NA,NA,1.65484633569739,NA,False,False,False,False,True,False,30618
42907,TGATTTCAGACGCATG,930,755,707,0,400,0.0331125827814569,380,400,0.95,NA,NA,NA,3.31125827814569,NA,False,False,False,False,True,False,57493
145209,TCTTAGTGTTGGGTAG,316,256,303,0,149,0.05078125,143,149,0.959731543624161,NA,NA,NA,5.078125,NA,False,False,False,False,True,False,77803
57653,TACCTGCCAGGTGGAT,950,799,585,0,432,0.0876095118898623,412,432,0.953703703703704,NA,NA,NA,8.76095118898623,NA,False,False,False,False,True,False,42342
148302,TGCAGTAAGTGCACAG,1006,826,725,0,424,0.0121065375302663,403,424,0.950471698113208,NA,NA,NA,1.21065375302663,NA,False,False,False,False,True,False,46469
23112,GGTAATCCAACAGAGC,1156,999,469,0,532,0.034034034034034,512,532,0.962406015037594,NA,NA,NA,3.4034034034034,NA,False,False,False,False,True,False,11136
275303,CAACAACTCCTCATAT,122,105,33,0,66,0,15,66,0.227272727272727,NA,NA,NA,0,NA,False,False,False,False,True,False,82128
32758,GGAAGTGCATAATGAG,64,55,6,0,54,0.0363636363636363,47,54,0.87037037037037,NA,NA,NA,3.63636363636363,NA,False,False,False,False,True,False,84082
34937,CAAGGGAAGGTTGCCC,1318,1105,708,0,575,0.0162895927601809,550,575,0.956521739130435,NA,NA,NA,1.62895927601809,NA,False,False,False,False,True,False,7985
4315,TACTTCAAGAGGTCGT,858,772,215,0,443,0.077720207253886,427,443,0.963882618510158,NA,NA,NA,7.7720207253886,NA,False,False,False,False,True,False,36919
16245,TGATGGTAGGTCGACA,887,716,691,0,390,0.0167597765363128,375,390,0.961538461538462,NA,NA,NA,1.67597765363128,NA,False,False,False,False,True,False,61387
7216,CCAAGCGCACTTCCTG,29191,26229,3979,0,10525,0.37016279690419,8135,10525,0.7729216152019,0.999998807907104,8458,0.196389548693587,37.016279690419,19.6389548693587,True,True,True,True,False,False,3195
88418,AGGAATATCTTTCCGG,902,758,635,0,408,0.0145118733509234,388,408,0.950980392156863,NA,NA,NA,1.45118733509234,NA,False,False,False,False,True,False,53953
372107,TCATACTCATGATGCT,48,41,6,0,28,0,6,28,0.214285714285714,NA,NA,NA,0,NA,False,False,False,False,True,False,96146
21611,TTGCCTGTCGTTCCCA,1060,864,755,0,496,0.0474537037037037,468,496,0.943548387096774,NA,NA,NA,4.74537037037037,NA,False,False,False,False,True,False,17582
17183,GTTGCTCGTAGACTGG,884,746,472,0,407,0.0268096514745308,385,407,0.945945945945946,NA,NA,NA,2.68096514745308,NA,False,False,False,False,True,False,54180
122414,AAACGCTAGCCATTCA,937,785,603,0,413,0.0178343949044585,387,413,0.937046004842615,NA,NA,NA,1.78343949044585,NA,False,False,False,False,True,False,51708
125420,ATCTCTAGTGCAGGAT,110,100,8,0,81,0.07,60,81,0.740740740740741,NA,NA,NA,7,NA,False,False,False,False,True,False,80364
150983,TCCTTCTGTATGAAAC,64,61,1,0,53,0.0327868852459016,48,53,0.905660377358491,NA,NA,NA,3.27868852459016,NA,False,False,False,False,True,False,84399
24934,GGTAACTCATAACCCA,1386,1225,459,0,643,0.0783673469387755,613,643,0.953343701399689,0.000262949877651408,0,1,7.83673469387755,100,False,False,False,False,True,False,6572
21962,AGTGCCGTCCTGGCTT,847,679,756,0,375,0.0235640648011782,354,375,0.944,NA,NA,NA,2.35640648011782,NA,False,False,False,False,True,False,66675
176062,GTCAAACTCATGTCAG,58,50,7,0,26,0,8,26,0.307692307692308,NA,NA,NA,0,NA,False,False,False,False,True,False,97357
188400,CACCGTTGTCTTCATT,74,68,2,0,58,0.0147058823529411,51,58,0.879310344827586,NA,NA,NA,1.47058823529411,NA,False,False,False,False,True,False,83404
2987,TTCCTAAAGGTCCTGC,13648,12090,2682,0,5812,0.343093465674111,4497,5812,0.7737439779766,0.999999642372131,3778,0.349965588437715,34.3093465674111,34.9965588437715,True,True,True,True,False,False,3946
219186,AGACCCGCATACAGCT,63,56,13,0,36,0,11,36,0.305555555555556,NA,NA,NA,0,NA,False,False,False,False,True,False,90516
213509,GTGAGCCAGAGCCGAT,53,47,5,0,42,0.0425531914893617,40,42,0.952380952380952,NA,NA,NA,4.25531914893617,NA,False,False,False,False,True,False,87742
45166,TTTACCACACGCTGCA,1225,1030,751,0,567,0.0233009708737864,535,567,0.943562610229277,NA,NA,NA,2.33009708737864,NA,False,False,False,False,True,False,8374
179283,TGTAGACGTCTGGTTA,850,726,482,0,371,0.0220385674931129,354,371,0.954177897574124,NA,NA,NA,2.20385674931129,NA,False,False,False,False,True,False,68079
49840,TTGAACGCAAGGTCAG,1328,1120,821,0,600,0.03125,575,600,0.958333333333333,NA,NA,NA,3.125,NA,False,False,False,False,True,False,7188
129516,ATACTTCGTTCGTACA,884,726,638,0,397,0.0151515151515151,369,397,0.929471032745592,NA,NA,NA,1.51515151515151,NA,False,False,False,False,True,False,58938
17979,TCTCTGGTCCAAACCA,888,720,682,0,415,0.0722222222222222,396,415,0.95421686746988,NA,NA,NA,7.22222222222222,NA,False,False,False,False,True,False,50444
155162,GTCATCCCAATGTCAC,961,838,390,0,438,0.0119331742243436,420,438,0.958904109589041,NA,NA,NA,1.19331742243436,NA,False,False,False,False,True,False,39649
66811,ACTTAGGTCAGTGGGA,905,763,511,0,414,0.0131061598951507,391,414,0.944444444444444,NA,NA,NA,1.31061598951507,NA,False,False,False,False,True,False,51083
108595,CCCTTAGTCTCATGGA,1130,950,682,0,519,0.0178947368421052,494,519,0.951830443159923,NA,NA,NA,1.78947368421052,NA,False,False,False,False,True,False,12993
11566,TGGAGAGAGTTGGCTT,1045,882,623,0,487,0.105442176870748,467,487,0.958932238193018,NA,NA,NA,10.5442176870748,NA,False,False,False,False,True,False,20016
94087,TTCCACGGTCGAATGG,1076,942,494,0,516,0.0339702760084925,500,516,0.968992248062015,NA,NA,NA,3.39702760084925,NA,False,False,False,False,True,False,13470
6033,GTTATGGCATCCGGTG,1036,841,874,0,455,0.0665873959571938,435,455,0.956043956043956,NA,NA,NA,6.65873959571938,NA,False,False,False,False,True,False,31555
5070,GACCAATGTTGGCCTG,1041,810,942,0,437,0.0666666666666666,414,437,0.947368421052632,NA,NA,NA,6.66666666666666,NA,False,False,False,False,True,False,39693
96955,AGCGCCACACAAGTGG,890,756,527,0,415,0.0291005291005291,400,415,0.963855421686747,NA,NA,NA,2.91005291005291,NA,False,False,False,False,True,False,50712
55143,GTCAAGTTCCATGCAA,944,786,639,0,415,0.0432569974554707,405,415,0.975903614457831,NA,NA,NA,4.32569974554707,NA,False,False,False,False,True,False,50608
77026,AGACAGGGTGGCTCTG,62,56,6,0,44,0.0714285714285714,39,44,0.886363636363636,NA,NA,NA,7.14285714285714,NA,False,False,False,False,True,False,86867
64726,TACCGAATCTCGCAGG,1001,803,825,0,439,0.037359900373599,422,439,0.96127562642369,NA,NA,NA,3.7359900373599,NA,False,False,False,False,True,False,38981
153856,TGTGGCGAGCAACTTC,1166,979,692,0,508,0.0132788559754851,483,508,0.950787401574803,NA,NA,NA,1.32788559754851,NA,False,False,False,False,True,False,15108
5755,CACTAAGAGTACAACA,926,774,618,0,415,0.0723514211886304,399,415,0.96144578313253,NA,NA,NA,7.23514211886304,NA,False,False,False,False,True,False,50404
45436,GACGCTGAGTCAGGGT,977,844,420,0,442,0.0450236966824644,429,442,0.970588235294118,NA,NA,NA,4.50236966824644,NA,False,False,False,False,True,False,37538
230940,ATGAGGGGTTGTGGAG,53,48,5,0,33,0,6,33,0.181818181818182,NA,NA,NA,0,NA,False,False,False,False,True,False,92322
28220,TTTGGTTTCGATGCTA,818,673,526,0,401,0.0326894502228826,384,401,0.957605985037406,NA,NA,NA,3.26894502228826,NA,False,False,False,False,True,False,56966
128631,CGTAGTAAGGGCAGTT,867,741,473,0,399,0.0215924426450742,378,399,0.947368421052632,NA,NA,NA,2.15924426450742,NA,False,False,False,False,True,False,58121
2341,AGTCACAGTGGACCTC,30832,27795,4208,0,13609,0.243461054146429,8360,13609,0.614299360717173,0.999996304512024,12077,0.112572562274965,24.3461054146429,11.2572562274965,True,True,True,True,False,False,2852
166065,GAGTCTAGTGTTTCTT,98,90,10,0,77,0.0666666666666666,59,77,0.766233766233766,NA,NA,NA,6.66666666666666,NA,False,False,False,False,True,False,80750
117438,TCCATGCTCCAAGCCG,848,714,506,0,401,0.0294117647058823,379,401,0.945137157107232,NA,NA,NA,2.94117647058823,NA,False,False,False,False,True,False,57216
185928,CCTATCGTCTACTATC,103,62,29,0,57,0.064516129032258,47,57,0.824561403508772,NA,NA,NA,6.4516129032258,NA,False,False,False,False,True,False,83585
53075,ATTCCCGGTTGCTCAA,910,744,731,0,424,0.0376344086021505,392,424,0.924528301886792,NA,NA,NA,3.76344086021505,NA,False,False,False,False,True,False,46264
171225,ACGTACATCTTGTGCC,984,805,768,0,436,0.0347826086956521,413,436,0.947247706422018,NA,NA,NA,3.47826086956521,NA,False,False,False,False,True,False,40628
22242,TCGCAGGAGGTCCAGA,872,734,478,0,394,0.0776566757493188,382,394,0.969543147208122,NA,NA,NA,7.76566757493188,NA,False,False,False,False,True,False,59855
259679,CAAGACTGTGAATAAC,73,61,8,0,54,0,53,54,0.981481481481482,NA,NA,NA,0,NA,False,False,False,False,True,False,84286
36545,TACGGTACATCGGAGA,970,819,503,0,427,0.0109890109890109,409,427,0.957845433255269,NA,NA,NA,1.09890109890109,NA,False,False,False,False,True,False,44715
92189,CATTCATTCTCGAGTA,849,715,596,0,389,0.0517482517482517,375,389,0.96401028277635,NA,NA,NA,5.17482517482517,NA,False,False,False,False,True,False,61984
37964,AGGATAAAGTCGCGAA,987,855,404,0,456,0.0584795321637426,445,456,0.975877192982456,NA,NA,NA,5.84795321637426,NA,False,False,False,False,True,False,31259
61519,AATGGCTAGCAATTCC,986,782,780,0,430,0.0230179028132992,408,430,0.948837209302326,NA,NA,NA,2.30179028132992,NA,False,False,False,False,True,False,43360
97138,GTCGCGATCCAGTGCG,669,561,482,0,332,0.0285204991087344,323,332,0.97289156626506,NA,NA,NA,2.85204991087344,NA,False,False,False,False,True,False,74516
27729,TTGTGGAGTTCGATTG,976,801,664,0,434,0.109862671660424,413,434,0.951612903225806,NA,NA,NA,10.9862671660424,NA,False,False,False,False,True,False,41242
54774,AAGCCATGTCGTTGGC,965,794,625,0,413,0.0478589420654911,400,413,0.968523002421308,NA,NA,NA,4.78589420654911,NA,False,False,False,False,True,False,51515
183605,TGTAACGCAGTGTATC,46,43,3,0,35,0.0465116279069767,26,35,0.742857142857143,NA,NA,NA,4.65116279069767,NA,False,False,False,False,True,False,90966
113804,GCCAACGTCTGCTTTA,833,659,608,0,379,0.0106221547799696,354,379,0.934036939313984,NA,NA,NA,1.06221547799696,NA,False,False,False,False,True,False,65628
308255,AGATGCTAGCGTTAGG,34,29,12,0,26,0.0344827586206896,15,26,0.576923076923077,NA,NA,NA,3.44827586206896,NA,False,False,False,False,True,False,97765
82527,TAACGACAGGATGGCT,941,782,525,0,439,0.0626598465473145,424,439,0.965831435079727,NA,NA,NA,6.26598465473145,NA,False,False,False,False,True,False,39032
90384,TCTAACTGTAACGCGA,1006,851,591,0,452,0.0164512338425381,427,452,0.944690265486726,NA,NA,NA,1.64512338425381,NA,False,False,False,False,True,False,33115
31776,CTGTGGGTCGACGACC,887,716,723,0,404,0.0363128491620111,381,404,0.943069306930693,NA,NA,NA,3.63128491620111,NA,False,False,False,False,True,False,55619
109860,TGAACGTCAAGTATCC,78,70,9,0,59,0.171428571428571,42,59,0.711864406779661,NA,NA,NA,17.1428571428571,NA,False,False,False,False,True,False,83131
167088,CATTCTAGTGGAGGTT,645,554,302,0,313,0.0072202166064981,300,313,0.958466453674121,NA,NA,NA,0.72202166064981,NA,False,False,False,False,True,False,75622
25657,ATCCCTGGTTCAAAGA,1059,873,673,0,483,0.0171821305841924,468,483,0.968944099378882,NA,NA,NA,1.71821305841924,NA,False,False,False,False,True,False,21214
126466,GAGGCCTTCCTCTGCA,876,684,882,0,356,0.0248538011695906,344,356,0.966292134831461,NA,NA,NA,2.48538011695906,NA,False,False,False,False,True,False,71410
9291,TCCGATCAGACGGATC,907,715,789,0,401,0.0895104895104895,383,401,0.955112219451372,NA,NA,NA,8.95104895104895,NA,False,False,False,False,True,False,56911
305076,GCGATCGAGGTTTGAA,48,43,14,0,43,0.116279069767442,40,43,0.930232558139535,NA,NA,NA,11.6279069767442,NA,False,False,False,False,True,False,87468
49875,GGGAGTACACAAGCAG,1125,956,593,0,467,0.0177824267782426,446,467,0.955032119914347,NA,NA,NA,1.77824267782426,NA,False,False,False,False,True,False,26768
59517,ATGGAGGCACGTCGTG,657,581,202,0,320,0.0774526678141136,310,320,0.96875,NA,NA,NA,7.74526678141136,NA,False,False,False,False,True,False,75303
47365,CTCCTCCGTATCGAGG,952,775,706,0,425,0.0361290322580645,406,425,0.955294117647059,NA,NA,NA,3.61290322580645,NA,False,False,False,False,True,False,45724
154740,CCGATGGAGTGCGCTC,738,604,516,0,353,0.0082781456953642,342,353,0.968838526912181,NA,NA,NA,0.82781456953642,NA,False,False,False,False,True,False,71960
68037,GTCATCCTCGGTCGGT,1015,811,972,0,454,0.0258939580764488,437,454,0.962555066079295,NA,NA,NA,2.58939580764488,NA,False,False,False,False,True,False,32217
96796,GTTTACTGTTAAACCC,971,816,584,0,422,0.0453431372549019,405,422,0.959715639810427,NA,NA,NA,4.53431372549019,NA,False,False,False,False,True,False,47375
79879,GACTGATGTACGAGCA,955,816,509,0,443,0.0465686274509803,422,443,0.952595936794582,NA,NA,NA,4.65686274509803,NA,False,False,False,False,True,False,37194
77490,CATTCCGGTAGTGATA,831,657,755,0,371,0.0121765601217656,359,371,0.967654986522911,NA,NA,NA,1.21765601217656,NA,False,False,False,False,True,False,67954
173311,GTCCACTGTCCGAAGA,121,110,28,0,71,0.0181818181818181,16,71,0.225352112676056,NA,NA,NA,1.81818181818181,NA,False,False,False,False,True,False,81423
151310,TTTGATCCATGAGATA,748,624,449,0,352,0.0192307692307692,333,352,0.946022727272727,NA,NA,NA,1.92307692307692,NA,False,False,False,False,True,False,72128
33617,TCTATACTCACGATAC,1243,1015,919,0,523,0.0226600985221674,500,523,0.956022944550669,NA,NA,NA,2.26600985221674,NA,False,False,False,False,True,False,12323
16722,TAGGAGGGTCGTTGGC,1050,890,413,0,507,0.104494382022472,486,507,0.958579881656805,NA,NA,NA,10.4494382022472,NA,False,False,False,False,True,False,15143
28641,TTTCACATCTTCCTAA,788,597,935,0,347,0.0067001675041876,326,347,0.939481268011527,NA,NA,NA,0.67001675041876,NA,False,False,False,False,True,False,72842
45746,TTACGTTGTCGGTACC,784,651,444,0,383,0.0460829493087557,370,383,0.966057441253264,NA,NA,NA,4.60829493087557,NA,False,False,False,False,True,False,64131
77580,TGATCTTCACTTTATC,819,652,715,0,386,0.0398773006134969,367,386,0.950777202072539,NA,NA,NA,3.98773006134969,NA,False,False,False,False,True,False,63060
12950,GCTACCTCAGTCAGCC,1113,918,784,0,484,0.0043572984749455,463,484,0.956611570247934,NA,NA,NA,0.43572984749455,NA,False,False,False,False,True,False,20884
78236,CGGCAGTCACCGTCTT,878,737,557,0,394,0.0217096336499321,378,394,0.959390862944162,NA,NA,NA,2.17096336499321,NA,False,False,False,False,True,False,60011
52585,TCGCAGGTCAAACGAA,931,822,361,0,396,0.0510948905109489,375,396,0.946969696969697,NA,NA,NA,5.10948905109489,NA,False,False,False,False,True,False,59174
83194,TCACTATTCTTAGCAG,926,746,702,0,437,0.0388739946380697,413,437,0.945080091533181,NA,NA,NA,3.88739946380697,NA,False,False,False,False,True,False,39990
70937,GAGGGTATCCGGTTCT,563,466,417,0,256,0.0321888412017167,245,256,0.95703125,NA,NA,NA,3.21888412017167,NA,False,False,False,False,True,False,76647
30013,CTACCCAGTCAAGTTC,961,795,559,0,456,0.0415094339622641,433,456,0.949561403508772,NA,NA,NA,4.15094339622641,NA,False,False,False,False,True,False,31230
175039,TCTGCCAAGCAAGGAA,64,57,8,0,49,0.0175438596491228,44,49,0.897959183673469,NA,NA,NA,1.75438596491228,NA,False,False,False,False,True,False,85443
56023,AAACCCAAGCGAGTAC,850,724,378,0,381,0.0220994475138121,363,381,0.952755905511811,NA,NA,NA,2.20994475138121,NA,False,False,False,False,True,False,64873
33661,CATCCCAAGGCATGCA,1124,919,767,0,491,0.0337323177366702,464,491,0.945010183299389,NA,NA,NA,3.37323177366702,NA,False,False,False,False,True,False,18933
16510,CCTCTCCGTCAAAGAT,911,739,723,0,432,0.131258457374831,414,432,0.958333333333333,NA,NA,NA,13.1258457374831,NA,False,False,False,False,True,False,42161
98722,AATTCCTGTACGTAGG,855,734,550,0,419,0.0204359673024523,401,419,0.957040572792363,NA,NA,NA,2.04359673024523,NA,False,False,False,False,True,False,48789
65560,TTCCGTGGTTTGATCG,792,667,492,0,374,0.0464767616191904,361,374,0.96524064171123,NA,NA,NA,4.64767616191904,NA,False,False,False,False,True,False,67052
29490,GAGTCTACAGTTTCAG,899,753,512,0,422,0.0318725099601593,404,422,0.957345971563981,NA,NA,NA,3.18725099601593,NA,False,False,False,False,True,False,47137
257380,TCGCAGGAGCCTATTG,55,47,7,0,39,0.0212765957446808,33,39,0.846153846153846,NA,NA,NA,2.12765957446808,NA,False,False,False,False,True,False,89127
6695,GATCAGTAGCACTTTG,17391,15819,2334,0,6306,0.214425690625198,3476,6306,0.551221059308595,0.999999523162842,4557,0.277354900095147,21.4425690625198,27.7354900095147,True,True,True,True,False,False,3845
29003,CGGCAGTAGGAGAGGC,1011,821,738,0,451,0.0170523751522533,421,451,0.933481152993348,NA,NA,NA,1.70523751522533,NA,False,False,False,False,True,False,33378
70333,TCATACTCAAGAGGTC,970,811,410,0,460,0.0184956843403205,433,460,0.941304347826087,NA,NA,NA,1.84956843403205,NA,False,False,False,False,True,False,29693
108298,GTCCCATTCGCATTAG,3715,3327,1001,0,1897,0.0021039975954313,1858,1897,0.979441222983658,0.997691512107849,1021,0.46178176067475,0.21039975954313,46.178176067475,True,False,False,True,True,False,4625
168393,TGTAGACCATTGAAGA,917,781,411,0,446,0.0115236875800256,423,446,0.948430493273543,NA,NA,NA,1.15236875800256,NA,False,False,False,False,True,False,35952
209897,GTAAGTCAGCCGGAAT,48,46,4,0,39,0.108695652173913,34,39,0.871794871794872,NA,NA,NA,10.8695652173913,NA,False,False,False,False,True,False,89036
111852,TCCACGTCACGCGTGT,862,723,537,0,368,0.0359612724757952,349,368,0.948369565217391,NA,NA,NA,3.59612724757952,NA,False,False,False,False,True,False,68777
177387,CCGGTAGGTTGTCATG,82,58,6,0,35,0.0517241379310344,10,35,0.285714285714286,NA,NA,NA,5.17241379310344,NA,False,False,False,False,True,False,90953
101444,GAGTTACTCTTCCAGC,1001,812,771,0,450,0.022167487684729,428,450,0.951111111111111,NA,NA,NA,2.2167487684729,NA,False,False,False,False,True,False,34014
254837,TCACTCGGTACGGATG,57,52,4,0,46,0.0576923076923076,39,46,0.847826086956522,NA,NA,NA,5.76923076923076,NA,False,False,False,False,True,False,86425
16843,TTGCATTCACTGTGAT,968,804,699,0,428,0.141791044776119,414,428,0.967289719626168,NA,NA,NA,14.1791044776119,NA,False,False,False,False,True,False,44139
79784,TTTCATGCATGGGTTT,97,86,7,0,79,0.0581395348837209,56,79,0.708860759493671,NA,NA,NA,5.81395348837209,NA,False,False,False,False,True,False,80521
62120,ATGGGAGAGCTATCTG,848,713,442,0,400,0.032258064516129,375,400,0.9375,NA,NA,NA,3.2258064516129,NA,False,False,False,False,True,False,57555
49971,GTTCCGTTCCGTGACG,886,741,532,0,406,0.0067476383265856,391,406,0.963054187192118,NA,NA,NA,0.67476383265856,NA,False,False,False,False,True,False,54734
268430,CTGGTCTCACGCAAAG,43,40,2,0,33,0,28,33,0.848484848484849,NA,NA,NA,0,NA,False,False,False,False,True,False,92389
138445,AAGAACAAGTAACAGT,934,749,628,0,389,0.0307076101468624,369,389,0.948586118251928,NA,NA,NA,3.07076101468624,NA,False,False,False,False,True,False,62060
110074,ATGGGAGGTTCCCACT,1180,964,861,0,486,0.0331950207468879,471,486,0.969135802469136,NA,NA,NA,3.31950207468879,NA,False,False,False,False,True,False,20496
193821,GTCGAATAGATCACCT,34,28,5,0,29,0.0357142857142857,26,29,0.896551724137931,NA,NA,NA,3.57142857142857,NA,False,False,False,False,True,False,94945
43958,GGATCTACAAGTGCAG,989,834,578,0,438,0.0887290167865707,421,438,0.961187214611872,NA,NA,NA,8.87290167865707,NA,False,False,False,False,True,False,39391
237238,CCGAACGTCGATGCAT,42,40,1,0,26,0,25,26,0.961538461538462,NA,NA,NA,0,NA,False,False,False,False,True,False,97587
149046,AAGGTAAAGCGACTAG,63,57,5,0,51,0.0350877192982456,45,51,0.882352941176471,NA,NA,NA,3.50877192982456,NA,False,False,False,False,True,False,84885
44565,GTCAGCGTCCACCTCA,1003,843,545,0,471,0.059311981020166,448,471,0.951167728237792,NA,NA,NA,5.9311981020166,NA,False,False,False,False,True,False,25243
20703,GCCAGCAAGTAAACGT,1421,1193,794,0,614,0.0972338642078793,591,614,0.962540716612378,NA,NA,NA,9.72338642078793,NA,False,False,False,False,True,False,6925
160564,CACAACAGTCACTACA,1232,1025,773,0,556,0.0165853658536585,527,556,0.947841726618705,NA,NA,NA,1.65853658536585,NA,False,False,False,False,True,False,9039
75383,TGCAGTAGTTGGAGGT,921,787,465,0,435,0.0520965692503176,413,435,0.949425287356322,NA,NA,NA,5.20965692503176,NA,False,False,False,False,True,False,40947
43031,TATGTTCAGCTGTCCG,884,697,799,0,385,0.0545193687230989,365,385,0.948051948051948,NA,NA,NA,5.45193687230989,NA,False,False,False,False,True,False,63366
60734,AAGACTCCAGGACTAG,961,799,594,0,422,0.0312891113892365,409,422,0.969194312796208,NA,NA,NA,3.12891113892365,NA,False,False,False,False,True,False,47277
74455,CTAGGTACATCACGGC,59,49,7,0,41,0,36,41,0.878048780487805,NA,NA,NA,0,NA,False,False,False,False,True,False,87953
20719,ATTATCCCAGGTATGG,810,661,614,0,369,0.0181543116490166,354,369,0.959349593495935,NA,NA,NA,1.81543116490166,NA,False,False,False,False,True,False,68407
153295,CATGCCTGTACGACAG,1078,902,609,0,477,0.024390243902439,455,477,0.953878406708595,NA,NA,NA,2.4390243902439,NA,False,False,False,False,True,False,23383
27907,TCCATCGAGTCCCTAA,1037,862,642,0,425,0.0777262180974478,406,425,0.955294117647059,NA,NA,NA,7.77262180974478,NA,False,False,False,False,True,False,45632
58310,ATGACCACAGCAGACA,1030,825,712,0,424,0.0169696969696969,400,424,0.943396226415094,NA,NA,NA,1.69696969696969,NA,False,False,False,False,True,False,46279
13189,TCCCAGTTCTGATTCT,879,724,695,0,409,0.0234806629834254,393,409,0.960880195599022,NA,NA,NA,2.34806629834254,NA,False,False,False,False,True,False,53265
7670,GCGGATCTCTCAAAGC,1085,939,473,0,508,0.0191693290734824,493,508,0.970472440944882,NA,NA,NA,1.91693290734824,NA,False,False,False,False,True,False,14909
349606,GCAACATCAGCGGTTC,31,30,0,0,26,0.1,21,26,0.807692307692308,NA,NA,NA,10,NA,False,False,False,False,True,False,97833
176573,ACCAACAGTCATTCCC,1165,898,1208,0,476,0.0189309576837416,445,476,0.934873949579832,NA,NA,NA,1.89309576837416,NA,False,False,False,False,True,False,23721
216971,TTCACCGAGTCGAGGT,74,68,12,0,33,0,27,33,0.818181818181818,NA,NA,NA,0,NA,False,False,False,False,True,False,92289
11408,ATTATCCTCCCTTCCC,921,745,757,0,414,0.0859060402684563,401,414,0.968599033816425,NA,NA,NA,8.59060402684563,NA,False,False,False,False,True,False,50890
35458,AACAGGGAGATCGCTT,1059,897,590,0,484,0.0111482720178372,459,484,0.948347107438017,NA,NA,NA,1.11482720178372,NA,False,False,False,False,True,False,20946
17341,CATTCATCATCCTAAG,818,690,507,0,393,0.0231884057971014,371,393,0.944020356234097,NA,NA,NA,2.31884057971014,NA,False,False,False,False,True,False,60233
14361,AGGGTCCAGGCCACTC,1414,1178,816,0,625,0.114601018675722,608,625,0.9728,NA,NA,NA,11.4601018675722,NA,False,False,False,False,True,False,6756
160876,GGGACAATCTGCATGA,1034,869,618,0,467,0.0218642117376294,445,467,0.952890792291221,NA,NA,NA,2.18642117376294,NA,False,False,False,False,True,False,26975
85566,CGAAGTTCAGGCAATG,1059,878,631,0,463,0.0182232346241457,438,463,0.946004319654428,NA,NA,NA,1.82232346241457,NA,False,False,False,False,True,False,28498
2971,GGCACGTCACATTCGA,942,788,628,0,412,0.0190355329949238,396,412,0.961165048543689,NA,NA,NA,1.90355329949238,NA,False,False,False,False,True,False,51835
16152,AGTTAGCGTACCCGAC,1134,985,502,0,509,0.0517766497461928,482,509,0.946954813359528,NA,NA,NA,5.17766497461928,NA,False,False,False,False,True,False,14740
40194,AGGTCTATCACGATAC,1379,1188,534,0,625,0.0303030303030303,592,625,0.9472,NA,NA,NA,3.03030303030303,NA,False,False,False,False,True,False,6764
27461,AAGTGAAAGAACGCGT,1282,1116,510,0,604,0.064516129032258,584,604,0.966887417218543,NA,NA,NA,6.4516129032258,NA,False,False,False,False,True,False,7118
30295,CTTCAATGTAGGATAT,872,764,362,0,404,0.0222513089005235,389,404,0.962871287128713,NA,NA,NA,2.22513089005235,NA,False,False,False,False,True,False,55615
83533,GGTCTGGAGTGATAAC,952,822,439,0,428,0.0316301703163017,412,428,0.962616822429907,NA,NA,NA,3.16301703163017,NA,False,False,False,False,True,False,44369
110650,GCAGCCAAGGTCCGAA,112,35,13,0,33,0,32,33,0.96969696969697,NA,NA,NA,0,NA,False,False,False,False,True,False,92044
43503,TTCGGTCGTAACAGTA,1147,968,622,0,516,0.0113636363636363,490,516,0.949612403100775,NA,NA,NA,1.13636363636363,NA,False,False,False,False,True,False,13421
163051,TCCCACAAGTAGCAAT,1046,855,865,0,453,0.0093567251461988,435,453,0.960264900662252,NA,NA,NA,0.93567251461988,NA,False,False,False,False,True,False,32809
89435,TTAGGCACAGCGGTTC,1004,819,826,0,412,0.0366300366300366,393,412,0.953883495145631,NA,NA,NA,3.66300366300366,NA,False,False,False,False,True,False,52132
107871,AGGATCTCATCTCCCA,1100,943,504,0,524,0.016967126193001,486,524,0.927480916030534,NA,NA,NA,1.6967126193001,NA,False,False,False,False,True,False,12248
219092,CCACGAGAGAAATGGG,31,30,0,0,25,0.0333333333333333,23,25,0.92,NA,NA,NA,3.33333333333333,NA,False,False,False,False,True,False,98430
96692,ATCGCCTCAATACAGA,1090,949,386,0,494,0.0126448893572181,478,494,0.967611336032389,NA,NA,NA,1.26448893572181,NA,False,False,False,False,True,False,18252
176575,GGGCTCAGTTGCGAAG,707,592,382,0,332,0.0168918918918918,322,332,0.969879518072289,NA,NA,NA,1.68918918918918,NA,False,False,False,False,True,False,74541
22452,TGGAGAGTCGTGGCGT,712,604,362,0,335,0.0463576158940397,315,335,0.940298507462687,NA,NA,NA,4.63576158940397,NA,False,False,False,False,True,False,74202
220478,GGTAATCGTCCGGATC,32,30,2,0,26,0.0333333333333333,25,26,0.961538461538462,NA,NA,NA,3.33333333333333,NA,False,False,False,False,True,False,97526
46968,AGGGCCTCACCTGATA,4952,4402,1287,0,2112,0.0068150840527033,2065,2112,0.977746212121212,0.99953818321228,1001,0.526041666666667,0.68150840527033,52.6041666666667,True,False,False,False,True,False,4573
37110,AAACGAATCGCTGTTC,775,637,528,0,349,0.0361067503924646,328,349,0.939828080229226,NA,NA,NA,3.61067503924646,NA,False,False,False,False,True,False,72535
45780,TAATCTCAGTACGTCT,774,674,400,0,374,0.0267062314540059,359,374,0.959893048128342,NA,NA,NA,2.67062314540059,NA,False,False,False,False,True,False,67013
245488,TGATTTCCATTGACAC,36,32,5,0,27,0.03125,24,27,0.888888888888889,NA,NA,NA,3.125,NA,False,False,False,False,True,False,96771
181756,TTCAATCTCACCGGGT,849,674,760,0,380,0.0192878338278931,369,380,0.971052631578947,NA,NA,NA,1.92878338278931,NA,False,False,False,False,True,False,65392
67711,GTCTACCCATGGCTGC,902,779,425,0,439,0.0295250320924261,414,439,0.943052391799544,NA,NA,NA,2.95250320924261,NA,False,False,False,False,True,False,38989
89565,TTTACGTCAGTTACCA,897,765,460,0,435,0.0352941176470588,416,435,0.95632183908046,NA,NA,NA,3.52941176470588,NA,False,False,False,False,True,False,40976
15584,CAATACGTCAAGCCTA,4719,3864,2389,0,2283,0.196428571428571,2248,2283,0.98466929478756,0.999495148658752,1449,0.365308804204993,19.6428571428571,36.5308804204993,True,False,False,True,False,False,4542
52480,GATCGTATCCCTTGGT,976,814,505,0,443,0.0675675675675675,426,443,0.961625282167043,NA,NA,NA,6.75675675675675,NA,False,False,False,False,True,False,37111
28838,TAGACCAAGGCTAAAT,910,743,566,0,414,0.0686406460296096,396,414,0.956521739130435,NA,NA,NA,6.86406460296096,NA,False,False,False,False,True,False,50952
74125,TATTTCGGTTCAATCG,29,23,5,0,23,0.0869565217391304,21,23,0.91304347826087,NA,NA,NA,8.69565217391304,NA,False,False,False,False,True,False,99992
4788,TTACGTTGTGTACGCC,808,692,350,0,402,0.0260115606936416,382,402,0.950248756218905,NA,NA,NA,2.60115606936416,NA,False,False,False,False,True,False,56445
18404,GCCGATGCATGAGGGT,1021,855,513,0,454,0.0467836257309941,439,454,0.966960352422907,NA,NA,NA,4.67836257309941,NA,False,False,False,False,True,False,32027
24215,CCACACTGTCTCAAGT,1343,1114,861,0,627,0.0906642728904847,596,627,0.950558213716108,5.31188270542771e-05,0,1,9.06642728904847,100,False,False,False,False,True,False,6727
88116,ATCACAGCAAAGCTAA,1081,908,638,0,457,0.0385462555066079,441,457,0.964989059080963,NA,NA,NA,3.85462555066079,NA,False,False,False,False,True,False,31007
152115,CTTCCTTGTCAAACGG,885,769,491,0,437,0.0169050715214564,415,437,0.949656750572082,NA,NA,NA,1.69050715214564,NA,False,False,False,False,True,False,40107
49139,TGCAGGCGTGTCATGT,725,639,229,0,335,0.0031298904538341,325,335,0.970149253731343,NA,NA,NA,0.31298904538341,NA,False,False,False,False,True,False,74213
103411,GTCCTCAGTATGGAAT,761,654,386,0,360,0.0535168195718654,340,360,0.944444444444444,NA,NA,NA,5.35168195718654,NA,False,False,False,False,True,False,70593
125032,CAACCAATCTCATTTG,1125,950,692,0,492,0.0273684210526315,473,492,0.961382113821138,NA,NA,NA,2.73684210526315,NA,False,False,False,False,True,False,18799
171079,ACTATTCGTCGAAGCA,958,816,522,0,426,0.0110294117647058,410,426,0.962441314553991,NA,NA,NA,1.10294117647058,NA,False,False,False,False,True,False,45517
95020,ACCGTTCCATTCACAG,845,698,617,0,416,0.0429799426934097,399,416,0.959134615384615,NA,NA,NA,4.29799426934097,NA,False,False,False,False,True,False,50244
18181,ATTCACTCATGGCACC,909,745,640,0,399,0.0845637583892617,379,399,0.949874686716792,NA,NA,NA,8.45637583892617,NA,False,False,False,False,True,False,57835
97281,CACAACATCAGATTGC,1346,1103,735,0,613,0.0208522212148685,587,613,0.957585644371941,NA,NA,NA,2.08522212148685,NA,False,False,False,False,True,False,6950
261278,TCGATTTCATAACAGA,56,49,8,0,40,0,14,40,0.35,NA,NA,NA,0,NA,False,False,False,False,True,False,88674
91371,TCATTTGTCAGCAATC,882,724,641,0,404,0.0276243093922651,388,404,0.96039603960396,NA,NA,NA,2.76243093922651,NA,False,False,False,False,True,False,55837
156156,TTACCATTCATCGCTC,116,104,5,0,77,0.0673076923076923,60,77,0.779220779220779,NA,NA,NA,6.73076923076923,NA,False,False,False,False,True,False,80740
200551,CCAATTTGTTACGATC,1022,807,970,0,429,0.0322180916976456,407,429,0.948717948717949,NA,NA,NA,3.22180916976456,NA,False,False,False,False,True,False,44074
37186,ATGGGAGTCGGCTTGG,972,813,512,0,451,0.06150061500615,426,451,0.944567627494457,NA,NA,NA,6.150061500615,NA,False,False,False,False,True,False,33419
45635,TCTATACCAGTTCTAG,796,651,592,0,389,0.0184331797235023,370,389,0.951156812339332,NA,NA,NA,1.84331797235023,NA,False,False,False,False,True,False,61886
38779,TGTCCTGAGTGCAACG,958,804,527,0,469,0.0422885572139303,451,469,0.961620469083156,NA,NA,NA,4.22885572139303,NA,False,False,False,False,True,False,25973
59089,CGCCAGAAGATGTAGT,42,39,3,0,29,0.0769230769230769,17,29,0.586206896551724,NA,NA,NA,7.69230769230769,NA,False,False,False,False,True,False,94675
23844,CAACGATAGCTGAGCA,1118,950,603,0,505,0.0747368421052631,486,505,0.962376237623762,NA,NA,NA,7.47368421052631,NA,False,False,False,False,True,False,15565
35088,TAGAGTCTCGCTTGAA,834,700,487,0,388,0.142857142857143,372,388,0.958762886597938,NA,NA,NA,14.2857142857143,NA,False,False,False,False,True,False,62215
8873,GTCTCACCAGTGCGCT,967,784,718,0,436,0.0318877551020408,420,436,0.963302752293578,NA,NA,NA,3.18877551020408,NA,False,False,False,False,True,False,40172
66691,ATGCCTCAGGTTATAG,1001,850,559,0,484,0.0352941176470588,457,484,0.944214876033058,NA,NA,NA,3.52941176470588,NA,False,False,False,False,True,False,21008
98334,GTCAAGTGTATCGCGC,880,720,563,0,404,0.0319444444444444,386,404,0.955445544554455,NA,NA,NA,3.19444444444444,NA,False,False,False,False,True,False,55849
371539,ATCCATTTCCACAAGT,50,46,4,0,36,0.0217391304347826,29,36,0.805555555555556,NA,NA,NA,2.17391304347826,NA,False,False,False,False,True,False,90696
200522,TTGTTCAGTACGTTCA,38,35,1,0,31,0.0285714285714285,26,31,0.838709677419355,NA,NA,NA,2.85714285714285,NA,False,False,False,False,True,False,93544
61130,CATTGTTCAATGAACA,4203,3592,1746,0,2043,0.02728285077951,1985,2043,0.97161037689672,0.999244332313538,809,0.604013705335291,2.728285077951,60.4013705335291,True,False,False,False,True,False,4589
21645,ACGTAACAGAGTCCGA,958,825,472,0,461,0.0593939393939393,439,461,0.952277657266811,NA,NA,NA,5.93939393939393,NA,False,False,False,False,True,False,29099
156172,TTGACCCAGACTGGGT,1166,985,732,0,518,0.0203045685279187,499,518,0.963320463320463,NA,NA,NA,2.03045685279187,NA,False,False,False,False,True,False,13170
80184,GTAATCGAGCGTTAGG,975,822,513,0,474,0.0328467153284671,462,474,0.974683544303797,NA,NA,NA,3.28467153284671,NA,False,False,False,False,True,False,24313
46544,TCATCCGGTAAGATCA,1000,808,705,0,438,0.0594059405940594,423,438,0.965753424657534,NA,NA,NA,5.94059405940594,NA,False,False,False,False,True,False,39399
302404,GGGAGTACAGAGTGAC,54,52,0,0,45,0.0192307692307692,36,45,0.8,NA,NA,NA,1.92307692307692,NA,False,False,False,False,True,False,86793
157807,TAAGCGTTCTGCATGA,66,61,1,0,50,0.0327868852459016,47,50,0.94,NA,NA,NA,3.27868852459016,NA,False,False,False,False,True,False,85145
47816,CAACCAAGTACGATGG,1025,865,532,0,437,0.0716763005780346,410,437,0.938215102974828,NA,NA,NA,7.16763005780346,NA,False,False,False,False,True,False,39880
126519,TCCGATCCAAGACGGT,38,28,8,0,30,0.0714285714285714,29,30,0.966666666666667,NA,NA,NA,7.14285714285714,NA,False,False,False,False,True,False,94047
208514,AGACAGGCAATGCTCA,46,42,2,0,39,0.0238095238095238,37,39,0.948717948717949,NA,NA,NA,2.38095238095238,NA,False,False,False,False,True,False,89030
63245,AGGTCTAAGACGGTTG,944,809,621,0,424,0.042027194066749,404,424,0.952830188679245,NA,NA,NA,4.2027194066749,NA,False,False,False,False,True,False,46294
75095,ACCCAAATCCACTTTA,1130,961,520,0,523,0.0530697190426638,492,523,0.940726577437858,NA,NA,NA,5.30697190426638,NA,False,False,False,False,True,False,12363
42210,CTCACTGGTGTCCGGT,764,627,554,0,336,0.0558213716108452,329,336,0.979166666666667,NA,NA,NA,5.58213716108452,NA,False,False,False,False,True,False,74124
61126,TCGGATATCACAAGGG,947,788,631,0,415,0.0203045685279187,405,415,0.975903614457831,NA,NA,NA,2.03045685279187,NA,False,False,False,False,True,False,50628
166254,TCACTCGTCACCGGGT,84,77,7,0,68,0.0259740259740259,59,68,0.867647058823529,NA,NA,NA,2.59740259740259,NA,False,False,False,False,True,False,81787
154319,TTGGATGGTGCTGATT,117,112,4,0,89,0.0357142857142857,82,89,0.921348314606742,NA,NA,NA,3.57142857142857,NA,False,False,False,False,True,False,79761
7100,TGGAGAGCAAAGCGTG,1033,859,501,0,479,0.0512223515715948,456,479,0.951983298538622,NA,NA,NA,5.12223515715948,NA,False,False,False,False,True,False,22421
85574,CTGTATTAGAGCCATG,921,733,868,0,388,0.0204638472032742,371,388,0.956185567010309,NA,NA,NA,2.04638472032742,NA,False,False,False,False,True,False,62345
122340,CGGCAGTTCCTACACC,1205,989,942,0,517,0.0141557128412537,497,517,0.961315280464217,NA,NA,NA,1.41557128412537,NA,False,False,False,False,True,False,13317
35702,AGCGTATGTTCCGCTT,1048,889,503,0,484,0.0191226096737907,460,484,0.950413223140496,NA,NA,NA,1.91226096737907,NA,False,False,False,False,True,False,20947
25182,GTCTTTAAGAGTAACT,688,586,390,0,334,0.0529010238907849,323,334,0.967065868263473,NA,NA,NA,5.29010238907849,NA,False,False,False,False,True,False,74288
99369,AAGATAGGTCCCAAAT,980,852,391,0,469,0.0117370892018779,443,469,0.94456289978678,NA,NA,NA,1.17370892018779,NA,False,False,False,False,True,False,26124
164386,TGGGCGTGTCTTACAG,1014,873,424,0,447,0.0103092783505154,431,447,0.96420581655481,NA,NA,NA,1.03092783505154,NA,False,False,False,False,True,False,35499
6209,TCAAGTGTCTGTGCGG,1017,848,628,0,449,0.017688679245283,429,449,0.955456570155902,NA,NA,NA,1.7688679245283,NA,False,False,False,False,True,False,34163
17606,GGTGTCGGTTTCCCAC,969,817,500,0,433,0.05140758873929,415,433,0.958429561200924,NA,NA,NA,5.140758873929,NA,False,False,False,False,True,False,41666
28713,GTGGAGACAGTGCGCT,1110,893,811,0,501,0.057110862262038,480,501,0.958083832335329,NA,NA,NA,5.7110862262038,NA,False,False,False,False,True,False,16429
184098,TTCCGTGTCCGGTAAT,31,29,3,0,25,0.0344827586206896,21,25,0.84,NA,NA,NA,3.44827586206896,NA,False,False,False,False,True,False,98252
47548,ATGTCCCAGTAATCCC,1047,889,586,0,458,0.0202474690663667,436,458,0.951965065502183,NA,NA,NA,2.02474690663667,NA,False,False,False,False,True,False,30431
179852,CCTCCTCCACACCAGC,987,797,821,0,444,0.0100376411543287,418,444,0.941441441441441,NA,NA,NA,1.00376411543287,NA,False,False,False,False,True,False,36907
48634,AATGAAGTCAGGAAGC,849,738,333,0,394,0.0501355013550135,378,394,0.959390862944162,NA,NA,NA,5.01355013550135,NA,False,False,False,False,True,False,59949
11518,TTCACGCCACGAGGTA,1281,1034,1030,0,560,0.200193423597679,535,560,0.955357142857143,NA,NA,NA,20.0193423597679,NA,False,False,False,False,False,False,8754
79334,TCCGAAAAGTCAGCGA,70,62,9,0,53,0.064516129032258,44,53,0.830188679245283,NA,NA,NA,6.4516129032258,NA,False,False,False,False,True,False,84346
116470,AGAAATGCAGGACTAG,55,46,22,0,42,0,37,42,0.880952380952381,NA,NA,NA,0,NA,False,False,False,False,True,False,87581
27451,AGGAATACACCGTCGA,1042,887,549,0,464,0.0383314543404735,454,464,0.978448275862069,NA,NA,NA,3.83314543404735,NA,False,False,False,False,True,False,27893
12465,GACCCAGGTCCACTTC,1097,917,738,0,468,0.0534351145038167,449,468,0.959401709401709,NA,NA,NA,5.34351145038167,NA,False,False,False,False,True,False,26264
23533,ACCCAAAGTGTACAGG,1225,1058,654,0,544,0.052930056710775,527,544,0.96875,NA,NA,NA,5.2930056710775,NA,False,False,False,False,True,False,9896
239771,TTCATTGCATGACTTG,64,57,2,0,41,0,10,41,0.24390243902439,NA,NA,NA,0,NA,False,False,False,False,True,False,88232
113546,GACATCATCAGCAATC,1099,926,716,0,481,0.0259179265658747,460,481,0.956340956340956,NA,NA,NA,2.59179265658747,NA,False,False,False,False,True,False,22033
291232,GTATTGGTCCGAGATT,40,37,3,0,34,0.027027027027027,28,34,0.823529411764706,NA,NA,NA,2.7027027027027,NA,False,False,False,False,True,False,91843
52807,GCAACCGAGAGTGTGC,1031,874,511,0,484,0.0377574370709382,466,484,0.962809917355372,NA,NA,NA,3.77574370709382,NA,False,False,False,False,True,False,20982
68757,AGTAGTCTCTATCGTT,798,689,379,0,391,0.034833091436865,371,391,0.948849104859335,NA,NA,NA,3.4833091436865,NA,False,False,False,False,True,False,61139
146073,CAGATACAGACATGCG,973,820,606,0,433,0.0536585365853658,413,433,0.953810623556582,NA,NA,NA,5.36585365853658,NA,False,False,False,False,True,False,42046
155512,TGTCCTGAGCTCACTA,789,693,109,0,570,0.062049062049062,457,570,0.801754385964912,NA,NA,NA,6.2049062049062,NA,False,False,False,False,True,False,8251
71485,ATTATCCGTATCGGTT,800,636,689,0,360,0.0298742138364779,340,360,0.944444444444444,NA,NA,NA,2.98742138364779,NA,False,False,False,False,True,False,70560
168445,CATAGACCATTGACCA,41,36,7,0,28,0,22,28,0.785714285714286,NA,NA,NA,0,NA,False,False,False,False,True,False,95635
111,TATTGGGAGTTAACGA,843,725,390,0,414,0.016551724137931,405,414,0.978260869565217,NA,NA,NA,1.6551724137931,NA,False,False,False,False,True,False,50866
32778,GTAAGTCTCTCACTCG,981,826,574,0,472,0.0956416464891041,457,472,0.968220338983051,NA,NA,NA,9.56416464891041,NA,False,False,False,False,True,False,24845
188401,TGTCAGATCGTTAGAC,39,32,6,0,29,0.0625,24,29,0.827586206896552,NA,NA,NA,6.25,NA,False,False,False,False,True,False,94920
9515,AGGATCTTCGTAACAC,1062,887,671,0,509,0.0428410372040586,488,509,0.958742632612967,NA,NA,NA,4.28410372040586,NA,False,False,False,False,True,False,14714
10196,GCAGCTGTCTGCGAGC,2681,2356,615,0,1256,0.209677419354839,906,1256,0.721337579617834,0.00436772219836712,0,1,20.9677419354839,100,False,True,False,False,False,False,4805
741,CGGAATTCACTCTAGA,1040,837,903,0,462,0.022700119474313,444,462,0.961038961038961,NA,NA,NA,2.2700119474313,NA,False,False,False,False,True,False,28631
148053,GGGCTACCAGGCACTC,954,808,518,0,406,0.0136138613861386,388,406,0.955665024630542,NA,NA,NA,1.36138613861386,NA,False,False,False,False,True,False,54985
268547,AGGTAGGCACTAGTAC,54,49,5,0,28,0,13,28,0.464285714285714,NA,NA,NA,0,NA,False,False,False,False,True,False,96017
6725,GGGTGAAAGTAGTCCT,888,720,614,0,404,0.0375,389,404,0.962871287128713,NA,NA,NA,3.75,NA,False,False,False,False,True,False,55531
177476,GTCCCATGTGGAAATT,104,83,4,0,72,0.036144578313253,58,72,0.805555555555556,NA,NA,NA,3.6144578313253,NA,False,False,False,False,True,False,81310
119933,ACTCCCACATGGGATG,1091,909,646,0,479,0.0132013201320132,447,479,0.933194154488518,NA,NA,NA,1.32013201320132,NA,False,False,False,False,True,False,22680
58569,TCCATGCTCTTGATTC,1111,951,592,0,485,0.0220820189274447,465,485,0.958762886597938,NA,NA,NA,2.20820189274447,NA,False,False,False,False,True,False,20707
18251,ACTATTCAGGTAGACC,968,822,442,0,461,0.130170316301703,451,461,0.978308026030369,NA,NA,NA,13.0170316301703,NA,False,False,False,False,True,False,29091
137386,CTGAGGCAGGTCCGAA,937,816,457,0,402,0.025735294117647,394,402,0.980099502487562,NA,NA,NA,2.5735294117647,NA,False,False,False,False,True,False,56792
113464,TATGTTCAGCGCGTTC,843,702,542,0,394,0.0527065527065527,376,394,0.954314720812183,NA,NA,NA,5.27065527065527,NA,False,False,False,False,True,False,60082
62398,CTCCACATCTTCGGTC,1080,885,863,0,484,0.0169491525423728,467,484,0.964876033057851,NA,NA,NA,1.69491525423728,NA,False,False,False,False,True,False,21001
130440,ACGGTTATCCACCTCA,140,119,24,0,103,0,86,103,0.83495145631068,NA,NA,NA,0,NA,False,False,False,False,True,False,79028
131180,CCTGCATCATAAGCAA,81,64,12,0,58,0.109375,50,58,0.862068965517241,NA,NA,NA,10.9375,NA,False,False,False,False,True,False,83332
154350,CTAAGTGAGGTCCCTG,1069,924,535,0,485,0.0097402597402597,465,485,0.958762886597938,NA,NA,NA,0.97402597402597,NA,False,False,False,False,True,False,20829
87740,GTTGTCCGTAGAAACT,756,611,505,0,328,0.027823240589198,320,328,0.975609756097561,NA,NA,NA,2.7823240589198,NA,False,False,False,False,True,False,74799
50906,TGTTACTCAACGGCTC,774,660,500,0,362,0.1,346,362,0.955801104972376,NA,NA,NA,10,NA,False,False,False,False,True,False,70105
15409,GTCTACCGTACCTAAC,1091,929,638,0,501,0.0398277717976318,476,501,0.950099800399202,NA,NA,NA,3.98277717976318,NA,False,False,False,False,True,False,16394
178812,CTCCTTTCACAATTCG,790,664,519,0,377,0.0316265060240963,362,377,0.960212201591512,NA,NA,NA,3.16265060240963,NA,False,False,False,False,True,False,66341
83284,ATGGATCGTCTGTAAC,790,695,331,0,367,0.0158273381294964,354,367,0.964577656675749,NA,NA,NA,1.58273381294964,NA,False,False,False,False,True,False,68993
13718,ACGCACGTCAGCATTG,61,47,8,0,40,0.0638297872340425,35,40,0.875,NA,NA,NA,6.38297872340425,NA,False,False,False,False,True,False,88331
138439,CAGTTCCGTCTCGACG,1225,978,919,0,526,0.0296523517382413,506,526,0.961977186311787,NA,NA,NA,2.96523517382413,NA,False,False,False,False,True,False,11973
183888,TAGATCGGTGCTGCAC,98,87,12,0,74,0.0804597701149425,62,74,0.837837837837838,NA,NA,NA,8.04597701149425,NA,False,False,False,False,True,False,81060
7253,CCATCACTCAAACGTC,1082,892,706,0,486,0.0168161434977578,460,486,0.946502057613169,NA,NA,NA,1.68161434977578,NA,False,False,False,False,True,False,20285
153162,TGGGTTAGTGGGTTGA,762,646,499,0,364,0.0371517027863777,344,364,0.945054945054945,NA,NA,NA,3.71517027863777,NA,False,False,False,False,True,False,69794
32341,CTAGACAAGACGAGCT,1094,934,450,0,487,0.0835117773019272,467,487,0.958932238193018,NA,NA,NA,8.35117773019272,NA,False,False,False,False,True,False,20082
179118,GGGACCTGTCGATGCC,75,59,16,0,58,0,48,58,0.827586206896552,NA,NA,NA,0,NA,False,False,False,False,True,False,83396
151578,CCACACTGTCGGTGTC,975,810,634,0,449,0.0185185185185185,422,449,0.939866369710468,NA,NA,NA,1.85185185185185,NA,False,False,False,False,True,False,34565
111442,TTTCACATCAACCGAT,887,724,704,0,421,0.0207182320441988,395,421,0.938242280285036,NA,NA,NA,2.07182320441988,NA,False,False,False,False,True,False,47851
124494,GGTGTCGAGCCTGAAG,110,100,15,0,85,0.02,65,85,0.764705882352941,NA,NA,NA,2,NA,False,False,False,False,True,False,80035
115370,GATTCGACATACAGAA,1079,901,697,0,497,0.0199778024417314,469,497,0.943661971830986,NA,NA,NA,1.99778024417314,NA,False,False,False,False,True,False,17487
321154,ACGGGTCCAATCGAAA,46,43,2,0,36,0.0697674418604651,28,36,0.777777777777778,NA,NA,NA,6.97674418604651,NA,False,False,False,False,True,False,90657
45828,CTCCATGCAGGTGTTT,799,667,550,0,377,0.0419790104947526,351,377,0.931034482758621,NA,NA,NA,4.19790104947526,NA,False,False,False,False,True,False,66142
45364,ACTGTGATCCTACGAA,959,780,523,0,423,0.0166666666666666,410,423,0.969267139479905,NA,NA,NA,1.66666666666666,NA,False,False,False,False,True,False,46696
31276,ACACTGACAGGGATAC,1108,937,535,0,527,0.0490928495197438,508,527,0.963946869070209,NA,NA,NA,4.90928495197438,NA,False,False,False,False,True,False,11761
90348,CGAGAAGGTACAGCGA,989,863,444,0,425,0.0370799536500579,405,425,0.952941176470588,NA,NA,NA,3.70799536500579,NA,False,False,False,False,True,False,45878
16367,CCTGCATCACACCAGC,1058,860,704,0,467,0.0616279069767441,439,467,0.940042826552463,NA,NA,NA,6.16279069767441,NA,False,False,False,False,True,False,26644
43459,GACTATGAGGGCATGT,100,86,10,0,75,0.0581395348837209,64,75,0.853333333333333,NA,NA,NA,5.81395348837209,NA,False,False,False,False,True,False,80914
32838,TAGCACACACGGTGTC,1134,913,923,0,511,0.0186199342825848,496,511,0.970645792563601,NA,NA,NA,1.86199342825848,NA,False,False,False,False,True,False,14375
106865,GAATAGAGTCAGATTC,1008,845,527,0,459,0.0177514792899408,438,459,0.954248366013072,NA,NA,NA,1.77514792899408,NA,False,False,False,False,True,False,30169
17325,AGGGCCTCATCCGCGA,958,809,618,0,427,0.0358467243510506,409,427,0.957845433255269,NA,NA,NA,3.58467243510506,NA,False,False,False,False,True,False,44648
147523,GCCCAGATCGTCGACG,654,553,393,0,331,0.0379746835443038,307,331,0.927492447129909,NA,NA,NA,3.79746835443038,NA,False,False,False,False,True,False,74595
90077,GTCATCCTCGAATGCT,1059,877,663,0,499,0.0273660205245153,480,499,0.961923847695391,NA,NA,NA,2.73660205245153,NA,False,False,False,False,True,False,16972
116887,TGGTGATTCATTATCC,818,670,535,0,363,0.0149253731343283,350,363,0.964187327823691,NA,NA,NA,1.49253731343283,NA,False,False,False,False,True,False,69973
108891,CATGCTCGTACAGTCT,907,771,594,0,410,0.0116731517509727,386,410,0.941463414634146,NA,NA,NA,1.16731517509727,NA,False,False,False,False,True,False,53111
87523,GCCATGGCATCCGGTG,1129,925,874,0,483,0.0162162162162162,462,483,0.956521739130435,NA,NA,NA,1.62162162162162,NA,False,False,False,False,True,False,21360
20550,CGAGAAGCATAATCGC,970,775,860,0,422,0.0761290322580645,405,422,0.959715639810427,NA,NA,NA,7.61290322580645,NA,False,False,False,False,True,False,47096
36932,CATTGTTAGTCAAGCG,1053,886,683,0,509,0.0440180586907449,469,509,0.921414538310413,NA,NA,NA,4.40180586907449,NA,False,False,False,False,True,False,14790
168369,GGTGATTAGTCTGGAG,1013,864,531,0,461,0.0185185185185185,440,461,0.954446854663774,NA,NA,NA,1.85185185185185,NA,False,False,False,False,True,False,29421
65913,TACTTCACATACCAGT,1212,1023,742,0,539,0.0596285434995112,523,539,0.970315398886827,NA,NA,NA,5.96285434995112,NA,False,False,False,False,True,False,10371
47128,CCAATTTTCAGAATAG,828,651,652,0,386,0.0399385560675883,368,386,0.953367875647668,NA,NA,NA,3.99385560675883,NA,False,False,False,False,True,False,62995
158978,TTGGGCGCAATCCTTT,54,37,14,0,37,0.054054054054054,35,37,0.945945945945946,NA,NA,NA,5.4054054054054,NA,False,False,False,False,True,False,89851
22782,GTATTGGAGAGGACTC,1225,1048,561,0,623,0.0791984732824427,598,623,0.959871589085072,NA,NA,NA,7.91984732824427,NA,False,False,False,False,True,False,6786
97085,ATTCCCGTCAGAGCGA,718,620,315,0,335,0.0161290322580645,319,335,0.952238805970149,NA,NA,NA,1.61290322580645,NA,False,False,False,False,True,False,74240
154309,GACAGCCGTGATGTAA,1110,936,693,0,510,0.0149572649572649,486,510,0.952941176470588,NA,NA,NA,1.49572649572649,NA,False,False,False,False,True,False,14693
141466,TCAGTTTGTACTGAGG,842,722,424,0,390,0.0124653739612188,366,390,0.938461538461538,NA,NA,NA,1.24653739612188,NA,False,False,False,False,True,False,61678
11228,CGGGTCACAGCTTTGA,1233,1011,807,0,540,0.0613254203758654,518,540,0.959259259259259,NA,NA,NA,6.13254203758654,NA,False,False,False,False,True,False,10216
79748,CCGATGGTCGATCCAA,50,48,3,0,36,0.0416666666666666,31,36,0.861111111111111,NA,NA,NA,4.16666666666666,NA,False,False,False,False,True,False,90287
8969,TGTGGCGCACTCAGAT,9806,8682,1840,0,4268,0.427896797972817,3354,4268,0.785848172446111,0.99999725818634,2720,0.36269915651359,42.7896797972817,36.269915651359,True,True,True,True,False,False,4186
54750,GTCCTCAAGTAGAGTT,832,682,587,0,380,0.0102639296187683,362,380,0.952631578947368,NA,NA,NA,1.02639296187683,NA,False,False,False,False,True,False,65183
85474,GCACATAAGCCTCTGG,1107,955,562,0,487,0.031413612565445,456,487,0.936344969199179,NA,NA,NA,3.1413612565445,NA,False,False,False,False,True,False,20198
104537,TGCTCGTAGGTAGGCT,966,807,593,0,461,0.0408921933085501,436,461,0.945770065075922,NA,NA,NA,4.08921933085501,NA,False,False,False,False,True,False,29332
420664,GTCATCCAGGCACCAA,44,40,2,0,26,0.025,9,26,0.346153846153846,NA,NA,NA,2.5,NA,False,False,False,False,True,False,97894
111139,CTGAGGCGTTAGGACG,835,712,450,0,377,0.0533707865168539,362,377,0.960212201591512,NA,NA,NA,5.33707865168539,NA,False,False,False,False,True,False,66262
92608,GTGCGTGGTATCCTCC,985,807,803,0,424,0.0210656753407682,402,424,0.94811320754717,NA,NA,NA,2.10656753407682,NA,False,False,False,False,True,False,46371
37700,TGCATGATCTCTGCTG,1504,1262,898,0,701,0.0839936608557844,680,701,0.970042796005706,0.000384040322387591,0,1,8.39936608557844,100,False,False,False,False,True,False,6208
148331,AAAGGGCTCGGACCAC,114,105,5,0,82,0.0095238095238095,77,82,0.939024390243902,NA,NA,NA,0.95238095238095,NA,False,False,False,False,True,False,80287
132728,GTAGTACCAGAGGCAT,796,683,412,0,361,0.0102489019033674,342,361,0.947368421052632,NA,NA,NA,1.02489019033674,NA,False,False,False,False,True,False,70406
43823,TCCATCGCATCACCAA,1217,977,1148,0,516,0.0235414534288638,493,516,0.955426356589147,NA,NA,NA,2.35414534288638,NA,False,False,False,False,True,False,13422
7056,TGTTCATTCACGATCA,15291,13867,2175,0,6066,0.26271003100887,4229,6066,0.697164523574019,0.999999165534973,4196,0.30827563468513,26.271003100887,30.827563468513,True,True,True,True,False,False,3887
12953,TTCTAGTCATCTCCCA,1450,1235,619,0,703,0.0437246963562753,672,703,0.955903271692745,0.000383475475246087,0,1,4.37246963562753,100,False,True,False,False,True,False,6198
18666,ACGGAAGCATACAGGG,767,620,671,0,340,0.0274193548387096,331,340,0.973529411764706,NA,NA,NA,2.74193548387096,NA,False,False,False,False,True,False,73733
76994,TGAGCATCATCTATCT,894,756,499,0,429,0.0806878306878306,408,429,0.951048951048951,NA,NA,NA,8.06878306878306,NA,False,False,False,False,True,False,43860
191654,ACATCCCAGACATATG,68,62,20,0,41,0,15,41,0.365853658536585,NA,NA,NA,0,NA,False,False,False,False,True,False,88131
145723,CAGGCCAGTACCAATC,1062,855,831,0,451,0.0152046783625731,434,451,0.962305986696231,NA,NA,NA,1.52046783625731,NA,False,False,False,False,True,False,33651
28320,TCCGAAAGTAATCAGA,1164,997,457,0,526,0.0862587763289869,507,526,0.963878326996198,NA,NA,NA,8.62587763289869,NA,False,False,False,False,True,False,11900
159100,TCTTAGTGTCAGTCCG,794,668,530,0,374,0.0119760479041916,356,374,0.951871657754011,NA,NA,NA,1.19760479041916,NA,False,False,False,False,True,False,67216
187132,TTGGATGGTATCTTCT,75,27,3,0,27,0.037037037037037,24,27,0.888888888888889,NA,NA,NA,3.7037037037037,NA,False,False,False,False,True,False,96542
38750,CACAACAAGCCTAACT,1102,931,632,0,453,0.0483351235230934,440,453,0.971302428256071,NA,NA,NA,4.83351235230934,NA,False,False,False,False,True,False,32543
64709,ATCCATTCAGGCTTGC,1109,900,915,0,464,0.07,441,464,0.950431034482759,NA,NA,NA,7,NA,False,False,False,False,True,False,28012
453688,TGGGAGACATGTAACC,38,33,11,0,30,0.0606060606060606,25,30,0.833333333333333,NA,NA,NA,6.06060606060606,NA,False,False,False,False,True,False,94614
121956,GGGTGAATCCGCAGTG,1007,827,565,0,449,0.0435308343409915,429,449,0.955456570155902,NA,NA,NA,4.35308343409915,NA,False,False,False,False,True,False,34527
155619,TATATCCTCTTTCCGG,742,590,653,0,362,0.023728813559322,347,362,0.958563535911602,NA,NA,NA,2.3728813559322,NA,False,False,False,False,True,False,70231
49851,ATCCGTCAGTACAGCG,990,853,429,0,445,0.0679953106682297,427,445,0.959550561797753,NA,NA,NA,6.79953106682297,NA,False,False,False,False,True,False,36166
98996,GTGACGCCATGGTACT,1006,842,757,0,433,0.0308788598574821,416,433,0.960739030023095,NA,NA,NA,3.08788598574821,NA,False,False,False,False,True,False,41969
182116,CCGGTAGGTGGCCACT,121,102,28,0,88,0.0196078431372549,80,88,0.909090909090909,NA,NA,NA,1.96078431372549,NA,False,False,False,False,True,False,79845
124152,CGTTAGAGTCTTTCTA,753,644,438,0,357,0.0496894409937888,342,357,0.957983193277311,NA,NA,NA,4.96894409937888,NA,False,False,False,False,True,False,71226
186912,ACTCTCGCAATCAAGA,46,39,2,0,33,0.0769230769230769,30,33,0.909090909090909,NA,NA,NA,7.69230769230769,NA,False,False,False,False,True,False,92197
2175,ACTTCGCGTCATCGCG,52116,47507,6736,0,24450,0.1908981834256,16242,24450,0.664294478527607,0.999954581260681,22921,0.0625357873210634,19.08981834256,6.25357873210634,True,True,True,True,False,False,1529
150873,TTGCCTGCACGACCTG,111,95,23,0,95,0.031578947368421,88,95,0.926315789473684,NA,NA,NA,3.1578947368421,NA,False,False,False,False,True,False,79412
82976,TCGCTTGTCATCGCAA,907,776,486,0,445,0.0115979381443298,424,445,0.952808988764045,NA,NA,NA,1.15979381443298,NA,False,False,False,False,True,False,36268
9160,TGTTTGTTCGTCTACC,897,779,386,0,455,0.186136071887035,444,455,0.975824175824176,NA,NA,NA,18.6136071887035,NA,False,False,False,False,False,False,31566
4752,AACTTCTGTGTGTCGC,785,649,432,0,353,0.0677966101694915,337,353,0.954674220963173,NA,NA,NA,6.77966101694915,NA,False,False,False,False,True,False,71815
240313,GGGTTTATCTTGCGCT,91,80,16,0,74,0.0375,67,74,0.905405405405405,NA,NA,NA,3.75,NA,False,False,False,False,True,False,81083
121122,CACTTCGAGTAGGCCA,926,783,519,0,400,0.020434227330779,383,400,0.9575,NA,NA,NA,2.0434227330779,NA,False,False,False,False,True,False,57692
207831,GGAAGTGGTCTTTATC,403,257,55,0,246,0.0311284046692607,214,246,0.869918699186992,NA,NA,NA,3.11284046692607,NA,False,False,False,False,True,False,76759
52465,AAGACAATCTGGGCAC,1075,887,696,0,495,0.0428410372040586,472,495,0.953535353535354,NA,NA,NA,4.28410372040586,NA,False,False,False,False,True,False,17929
189194,CCGGGTAAGACGCCCT,1137,935,747,0,495,0.0224598930481283,477,495,0.963636363636364,NA,NA,NA,2.24598930481283,NA,False,False,False,False,True,False,18054
50942,TCAAGCAAGCTGACCC,1067,923,394,0,457,0.066088840736728,432,457,0.945295404814004,NA,NA,NA,6.6088840736728,NA,False,False,False,False,True,False,30913
26051,CAGATTGTCCTTCTTC,851,713,536,0,407,0.0546984572230014,393,407,0.965601965601966,NA,NA,NA,5.46984572230014,NA,False,False,False,False,True,False,54208
225588,AATTCCTAGCATGAAT,44,42,7,0,34,0.0476190476190476,22,34,0.647058823529412,NA,NA,NA,4.76190476190476,NA,False,False,False,False,True,False,91706
14962,GTGGTTAGTTTCGTAG,1099,914,699,0,528,0.0919037199124726,512,528,0.96969696969697,NA,NA,NA,9.19037199124726,NA,False,False,False,False,True,False,11594
27997,TGGAGAGAGGGCCTCT,1016,861,489,0,467,0.0580720092915214,447,467,0.957173447537473,NA,NA,NA,5.80720092915214,NA,False,False,False,False,True,False,26695
46271,GCATCGGTCCAAACCA,1048,861,708,0,478,0.0789779326364692,460,478,0.96234309623431,NA,NA,NA,7.89779326364692,NA,False,False,False,False,True,False,22867
23295,ACGTAGTTCAGCTAGT,1042,869,622,0,464,0.0287686996547756,446,464,0.961206896551724,NA,NA,NA,2.87686996547756,NA,False,False,False,False,True,False,27879
6973,ATTTCACCAGGCACAA,1020,891,435,0,488,0.0639730639730639,472,488,0.967213114754098,NA,NA,NA,6.39730639730639,NA,False,False,False,False,True,False,19717
29046,AATGGCTCACAGCTTA,1022,855,558,0,470,0.153216374269006,452,470,0.961702127659574,NA,NA,NA,15.3216374269006,NA,False,False,False,False,True,False,25584
71839,TGGCGTGAGCCTCGTG,570,507,156,0,299,0.0749506903353057,291,299,0.973244147157191,NA,NA,NA,7.49506903353057,NA,False,False,False,False,True,False,76034
9633,GCTACCTCACCTAAAC,1079,883,739,0,462,0.0339750849377123,444,462,0.961038961038961,NA,NA,NA,3.39750849377123,NA,False,False,False,False,True,False,28650
125787,TCCTTCTAGAAACACT,4747,3958,2445,0,2330,0.0027791814047498,2275,2330,0.976394849785408,0.99992048740387,969,0.58412017167382,0.27791814047498,58.412017167382,True,True,False,False,True,False,4527
19808,GTGCGTGGTGACTCTA,972,820,540,0,438,0.0195121951219512,412,438,0.940639269406393,NA,NA,NA,1.95121951219512,NA,False,False,False,False,True,False,39308
48409,CATACTTGTCTTCATT,821,676,635,0,354,0.0355029585798816,328,354,0.926553672316384,NA,NA,NA,3.55029585798816,NA,False,False,False,False,True,False,71694
274169,CCACTTGGTGTTACAC,54,52,2,0,41,0.0961538461538461,35,41,0.853658536585366,NA,NA,NA,9.61538461538461,NA,False,False,False,False,True,False,88268
52931,GGTTAACGTCCTGGTG,958,782,655,0,456,0.0511508951406649,433,456,0.949561403508772,NA,NA,NA,5.11508951406649,NA,False,False,False,False,True,False,31317
115233,TGACTCCGTGCAACAG,1132,952,737,0,481,0.0294117647058823,463,481,0.962577962577963,NA,NA,NA,2.94117647058823,NA,False,False,False,False,True,False,22037
50568,CTGAGGCTCTGATTCT,960,783,752,0,417,0.0255427841634738,401,417,0.961630695443645,NA,NA,NA,2.55427841634738,NA,False,False,False,False,True,False,49601
240598,ACTATTCCACTTGAGT,26,24,6,0,24,0.0833333333333333,24,24,1,NA,NA,NA,8.33333333333333,NA,False,False,False,False,True,False,99463
212387,TCGACGGAGGAATCGC,106,95,14,0,89,0.0736842105263157,72,89,0.808988764044944,NA,NA,NA,7.36842105263157,NA,False,False,False,False,True,False,79780
27702,CGAGGAACACTCCACT,1050,888,523,0,473,0.0191441441441441,455,473,0.961945031712474,NA,NA,NA,1.91441441441441,NA,False,False,False,False,True,False,24496
51681,ATTTACCAGCTTGTGT,862,707,617,0,384,0.0297029702970297,371,384,0.966145833333333,NA,NA,NA,2.97029702970297,NA,False,False,False,False,True,False,63766
85026,CCTATCGTCAATGTCG,976,834,563,0,455,0.0419664268585131,438,455,0.962637362637363,NA,NA,NA,4.19664268585131,NA,False,False,False,False,True,False,31830
128320,TAGGTTGAGTGTACAA,1101,956,520,0,518,0.0177824267782426,496,518,0.957528957528958,NA,NA,NA,1.77824267782426,NA,False,False,False,False,True,False,13161
10987,GAGAGGTGTGACACGA,1024,898,327,0,459,0.0400890868596882,440,459,0.958605664488017,NA,NA,NA,4.00890868596882,NA,False,False,False,False,True,False,29882
63149,GGAACCCGTCGGAAAC,942,766,706,0,388,0.0404699738903394,371,388,0.956185567010309,NA,NA,NA,4.04699738903394,NA,False,False,False,False,True,False,62300
174278,ACTTTGTCACCTGCGA,72,68,2,0,62,0.088235294117647,58,62,0.935483870967742,NA,NA,NA,8.8235294117647,NA,False,False,False,False,True,False,82698
164660,CGTTCTGAGCATATGA,816,667,547,0,381,0.0164917541229385,362,381,0.950131233595801,NA,NA,NA,1.64917541229385,NA,False,False,False,False,True,False,65039
7868,TGCGGCAAGGACAGTC,828,639,737,0,358,0.0359937402190923,348,358,0.972067039106145,NA,NA,NA,3.59937402190923,NA,False,False,False,False,True,False,70879
167238,TTGCTGCAGGAATTAC,1151,952,834,0,514,0.0147058823529411,491,514,0.955252918287938,NA,NA,NA,1.47058823529411,NA,False,False,False,False,True,False,13898
95519,CACATGAGTATGACAA,1086,901,762,0,483,0.0366259711431742,465,483,0.962732919254658,NA,NA,NA,3.66259711431742,NA,False,False,False,False,True,False,21375
80906,GAATCACAGACTGAGC,980,839,509,0,433,0.0309892729439809,418,433,0.965357967667437,NA,NA,NA,3.09892729439809,NA,False,False,False,False,True,False,41912
70849,CATCGGGTCAAACCCA,1069,914,519,0,475,0.0897155361050328,461,475,0.970526315789474,NA,NA,NA,8.97155361050328,NA,False,False,False,False,True,False,23941
114512,TCCGGGAAGTCGCTAT,880,732,578,0,416,0.0314207650273224,394,416,0.947115384615385,NA,NA,NA,3.14207650273224,NA,False,False,False,False,True,False,50296
11192,TAGGGTTGTCCGAAGA,871,710,536,0,411,0.102816901408451,399,411,0.970802919708029,NA,NA,NA,10.2816901408451,NA,False,False,False,False,True,False,52347
116537,TCTTAGTGTAAGGCCA,783,657,529,0,341,0.0228310502283105,326,341,0.956011730205279,NA,NA,NA,2.28310502283105,NA,False,False,False,False,True,False,73689
162124,GTGCGTGTCAAGTAAG,835,715,481,0,400,0.0195804195804195,383,400,0.9575,NA,NA,NA,1.95804195804195,NA,False,False,False,False,True,False,57760
162964,CGTTAGACAGACCCGT,1032,861,673,0,462,0.0220673635307781,437,462,0.945887445887446,NA,NA,NA,2.20673635307781,NA,False,False,False,False,True,False,29013
323779,CATCCGTGTACTCGTA,74,67,7,0,64,0.0149253731343283,64,64,1,NA,NA,NA,1.49253731343283,NA,False,False,False,False,True,False,82466
41100,TAACACGAGAGTGAAG,814,667,552,0,357,0.0779610194902548,336,357,0.941176470588235,NA,NA,NA,7.79610194902548,NA,False,False,False,False,True,False,71117
66299,GTTGCTCCATGGCCAC,1082,955,497,0,503,0.0429319371727748,478,503,0.950298210735587,NA,NA,NA,4.29319371727748,NA,False,False,False,False,True,False,16076
132362,ATCCTATCACACACTA,1007,851,588,0,464,0.0199764982373678,444,464,0.956896551724138,NA,NA,NA,1.99764982373678,NA,False,False,False,False,True,False,28158
8963,ATTACCTGTCAGTCCG,2556,2159,1388,0,1228,0.0176007410838351,1196,1228,0.973941368078176,0.057693962007761,0,1,1.76007410838351,100,False,True,False,False,True,False,4820
19723,CCCTCAAGTTATCTTC,1022,882,574,0,467,0.0419501133786848,452,467,0.967880085653105,NA,NA,NA,4.19501133786848,NA,False,False,False,False,True,False,26659
148103,GCCCGAATCCTAGCGG,1232,1060,588,0,550,0.0160377358490566,537,550,0.976363636363636,NA,NA,NA,1.60377358490566,NA,False,False,False,False,True,False,9471
41367,TCTGTCGTCAGACATC,748,590,575,0,332,0.0203389830508474,321,332,0.966867469879518,NA,NA,NA,2.03389830508474,NA,False,False,False,False,True,False,74495
118455,CTCTCAGCAAATCAAG,945,816,378,0,449,0.0294117647058823,433,449,0.964365256124722,NA,NA,NA,2.94117647058823,NA,False,False,False,False,True,False,34522
14582,CTTAGGATCTAGCATG,805,646,670,0,364,0.023219814241486,351,364,0.964285714285714,NA,NA,NA,2.3219814241486,NA,False,False,False,False,True,False,69599
69598,CGCATAACAATCCTAG,1201,997,793,0,533,0.0310932798395185,510,533,0.956848030018762,NA,NA,NA,3.10932798395185,NA,False,False,False,False,True,False,11064
149770,TGATGCATCGTCCTTG,883,725,716,0,401,0.0234482758620689,384,401,0.957605985037406,NA,NA,NA,2.34482758620689,NA,False,False,False,False,True,False,57270
76161,AGCTACAGTCGTGGTC,821,665,615,0,373,0.0330827067669172,356,373,0.954423592493298,NA,NA,NA,3.30827067669172,NA,False,False,False,False,True,False,67408
54251,CAATACGGTCAGTCCG,1197,1020,613,0,511,0.0509803921568627,486,511,0.951076320939335,NA,NA,NA,5.09803921568627,NA,False,False,False,False,True,False,14418
20130,TCACGGGCAGTGCGCT,1061,901,530,0,489,0.0432852386237513,464,489,0.948875255623722,NA,NA,NA,4.32852386237513,NA,False,False,False,False,True,False,19468
176291,TTCAGGATCCGTTTCG,796,681,425,0,398,0.0044052863436123,377,398,0.947236180904523,NA,NA,NA,0.44052863436123,NA,False,False,False,False,True,False,58582
125306,TCTGGCTCAAACACGG,88,79,14,0,65,0.0632911392405063,47,65,0.723076923076923,NA,NA,NA,6.32911392405063,NA,False,False,False,False,True,False,82195
43809,CATCCACAGCACCTGC,1195,970,1008,0,512,0.0134020618556701,484,512,0.9453125,NA,NA,NA,1.34020618556701,NA,False,False,False,False,True,False,14197
30075,TCGGGACGTCTGTCCT,838,711,474,0,377,0.0562587904360056,363,377,0.962864721485411,NA,NA,NA,5.62587904360056,NA,False,False,False,False,True,False,66107
124116,CAGCGTGCAATTGTGC,33,31,1,0,28,0.0967741935483871,23,28,0.821428571428571,NA,NA,NA,9.67741935483871,NA,False,False,False,False,True,False,95523
70590,TACTTACAGGTCGTAG,850,709,570,0,375,0.0465444287729196,362,375,0.965333333333333,NA,NA,NA,4.65444287729196,NA,False,False,False,False,True,False,66775
67874,GCCAGGTCAGTTAAAG,1099,935,619,0,500,0.0427807486631016,484,500,0.968,NA,NA,NA,4.27807486631016,NA,False,False,False,False,True,False,16727
36993,TACCTCGAGAATAACC,1118,970,491,0,489,0.0618556701030927,466,489,0.952965235173824,NA,NA,NA,6.18556701030927,NA,False,False,False,False,True,False,19514
71495,TGTACAGGTGGTCTTA,891,723,636,0,413,0.0636237897648686,393,413,0.951573849878935,NA,NA,NA,6.36237897648686,NA,False,False,False,False,True,False,51578
11417,ATAGGCTGTCGGATTT,944,799,542,0,446,0.0513141426783479,422,446,0.946188340807175,NA,NA,NA,5.13141426783479,NA,False,False,False,False,True,False,35540
127603,GACCAATCACTAAACC,44,38,8,0,24,0.105263157894737,15,24,0.625,NA,NA,NA,10.5263157894737,NA,False,False,False,False,True,False,99069
20531,TTTCCTCGTGACGCCT,828,685,510,0,393,0.0583941605839416,379,393,0.964376590330789,NA,NA,NA,5.83941605839416,NA,False,False,False,False,True,False,60243
255870,ACCTGAAGTAATGTGA,45,38,13,0,32,0.0263157894736842,28,32,0.875,NA,NA,NA,2.63157894736842,NA,False,False,False,False,True,False,93033
166567,AAAGGTATCGACGCTG,998,857,436,0,416,0.0046674445740956,393,416,0.944711538461538,NA,NA,NA,0.46674445740956,NA,False,False,False,False,True,False,50377
100143,TCATGAGTCTTTGATC,890,728,698,0,399,0.0288461538461538,382,399,0.957393483709273,NA,NA,NA,2.88461538461538,NA,False,False,False,False,True,False,58057
14970,TGTTCCGAGTACAGAT,803,654,566,0,383,0.0458715596330275,367,383,0.95822454308094,NA,NA,NA,4.58715596330275,NA,False,False,False,False,True,False,64052
81978,GTCTAGATCTTGCAGA,748,633,433,0,357,0.0410742496050552,347,357,0.971988795518207,NA,NA,NA,4.10742496050552,NA,False,False,False,False,True,False,71168
9136,TGTCCTGAGGGCAACT,1018,853,591,0,484,0.13599062133646,465,484,0.960743801652893,NA,NA,NA,13.599062133646,NA,False,False,False,False,True,False,20868
41112,CTTGAGAAGGCTGGAT,939,819,385,0,415,0.0231990231990232,394,415,0.949397590361446,NA,NA,NA,2.31990231990232,NA,False,False,False,False,True,False,50519
35912,GCCGTGAGTATGCTTG,956,825,461,0,434,0.08,415,434,0.956221198156682,NA,NA,NA,8,NA,False,False,False,False,True,False,41278
159851,TGCTCCAGTCTGTGAT,938,760,658,0,405,0.0342105263157894,383,405,0.945679012345679,NA,NA,NA,3.42105263157894,NA,False,False,False,False,True,False,55488
34762,ATCACGATCTAGTGAC,884,758,492,0,397,0.0290237467018469,380,397,0.957178841309824,NA,NA,NA,2.90237467018469,NA,False,False,False,False,True,False,58682
47986,CAGGCCAGTGTTCAGT,982,820,599,0,457,0.0280487804878048,436,457,0.954048140043764,NA,NA,NA,2.80487804878048,NA,False,False,False,False,True,False,30898
16253,TGATGGTCATGCACTA,925,736,787,0,397,0.0502717391304347,379,397,0.954659949622166,NA,NA,NA,5.02717391304347,NA,False,False,False,False,True,False,58630
5934,AGCTTCCTCTAGCCTC,87,71,57,0,39,0.0422535211267605,27,39,0.692307692307692,NA,NA,NA,4.22535211267605,NA,False,False,False,False,True,False,88764
59424,GTCAAACAGATCACTC,889,773,430,0,427,0.0271668822768434,403,427,0.943793911007026,NA,NA,NA,2.71668822768434,NA,False,False,False,False,True,False,44804
245411,CAGGGCTAGCGTATGG,163,44,22,0,40,0.0454545454545454,37,40,0.925,NA,NA,NA,4.54545454545454,NA,False,False,False,False,True,False,88645
162370,GTTAGTGGTGAGAACC,959,797,692,0,420,0.0188205771643663,402,420,0.957142857142857,NA,NA,NA,1.88205771643663,NA,False,False,False,False,True,False,48443
294189,TCACATTCAGGTTACT,39,35,7,0,25,0,7,25,0.28,NA,NA,NA,0,NA,False,False,False,False,True,False,98653
34847,GATTCTTAGGTGCAGT,963,795,708,0,444,0.080503144654088,426,444,0.959459459459459,NA,NA,NA,8.0503144654088,NA,False,False,False,False,True,False,36586
96472,GTCCCATAGGATTTCC,886,742,499,0,423,0.0161725067385444,402,423,0.950354609929078,NA,NA,NA,1.61725067385444,NA,False,False,False,False,True,False,46866
101689,GTGATGTCAGCACACC,343,301,75,0,210,0.0099667774086378,104,210,0.495238095238095,NA,NA,NA,0.99667774086378,NA,False,False,False,False,True,False,77096
163420,TAGGAGGTCCGGACTG,875,746,519,0,398,0.0335120643431635,375,398,0.942211055276382,NA,NA,NA,3.35120643431635,NA,False,False,False,False,True,False,58568
33072,TCAGGGCCATTGGATC,970,802,708,0,417,0.0673316708229426,403,417,0.966426858513189,NA,NA,NA,6.73316708229426,NA,False,False,False,False,True,False,49526
371767,CCACAAAAGACCTTTG,36,34,6,0,27,0.0294117647058823,16,27,0.592592592592593,NA,NA,NA,2.94117647058823,NA,False,False,False,False,True,False,97000
7788,CACGGGTGTACCTTCC,2172,1792,1456,0,979,0.0452008928571428,938,979,0.958120531154239,0.000656513613648713,0,1,4.52008928571428,100,False,False,False,False,True,False,5081
73719,TTTCACAGTGCCGTAC,46,40,4,0,29,0,11,29,0.379310344827586,NA,NA,NA,0,NA,False,False,False,False,True,False,94684
28487,TCACTCGGTTGGAGGT,761,646,443,0,373,0.0216718266253869,360,373,0.96514745308311,NA,NA,NA,2.16718266253869,NA,False,False,False,False,True,False,67311
40094,CACTGGGGTGAGATCG,482,401,248,0,245,0.0324189526184538,235,245,0.959183673469388,NA,NA,NA,3.24189526184538,NA,False,False,False,False,True,False,76762
71031,GGTAACTCAATCGAAA,1065,910,539,0,468,0.0219780219780219,445,468,0.950854700854701,NA,NA,NA,2.19780219780219,NA,False,False,False,False,True,False,26476
189017,TGCTCGTCACGTGAGA,54,47,13,0,41,0.0212765957446808,33,41,0.804878048780488,NA,NA,NA,2.12765957446808,NA,False,False,False,False,True,False,88124
126684,AGGTAGGTCTCAATCT,1011,863,474,0,477,0.0231749710312862,456,477,0.955974842767296,NA,NA,NA,2.31749710312862,NA,False,False,False,False,True,False,23359
13148,CACTGAAGTGAGATCG,448,387,192,0,238,0.0077519379844961,225,238,0.945378151260504,NA,NA,NA,0.77519379844961,NA,False,False,False,False,True,False,76835
149078,TTACAGGCACATAACC,958,811,560,0,439,0.0271270036991368,423,439,0.963553530751708,NA,NA,NA,2.71270036991368,NA,False,False,False,False,True,False,39164
96435,GACCCAGCACATCCCT,1161,924,1153,0,457,0.0205627705627705,427,457,0.934354485776805,NA,NA,NA,2.05627705627705,NA,False,False,False,False,True,False,31024
150462,GGTAATCAGTATCTGC,1455,1174,1025,0,645,0.0298126064735945,616,645,0.955038759689922,5.13011254952289e-05,0,1,2.98126064735945,100,False,True,False,False,True,False,6558
242628,CTCCATGGTAGAGATT,40,35,8,0,35,0.0285714285714285,31,35,0.885714285714286,NA,NA,NA,2.85714285714285,NA,False,False,False,False,True,False,91156
27221,TGATGCAAGGTGCTAG,65,57,4,0,54,0.0350877192982456,48,54,0.888888888888889,NA,NA,NA,3.50877192982456,NA,False,False,False,False,True,False,84077
50544,GTTGTCCTCTCTTCAA,1011,824,658,0,483,0.0388349514563106,452,483,0.935817805383023,NA,NA,NA,3.88349514563106,NA,False,False,False,False,True,False,21296
131926,TGTACAGAGAGGTCAC,562,500,131,0,264,0.006,250,264,0.946969696969697,NA,NA,NA,0.6,NA,False,False,False,False,True,False,76575
30068,TCCGAAAAGCTCTGTA,952,809,397,0,415,0.0506798516687268,391,415,0.942168674698795,NA,NA,NA,5.06798516687268,NA,False,False,False,False,True,False,50480
81060,AGTGATCTCCTAGCCT,1075,903,644,0,489,0.0254706533776301,471,489,0.96319018404908,NA,NA,NA,2.54706533776301,NA,False,False,False,False,True,False,19611
97713,ATGAGTCTCCGACGGT,917,760,662,0,398,0.0144736842105263,380,398,0.954773869346734,NA,NA,NA,1.44736842105263,NA,False,False,False,False,True,False,58448
5676,TCATGGAAGCCAACCC,950,819,476,0,455,0.0744810744810744,434,455,0.953846153846154,NA,NA,NA,7.44810744810744,NA,False,False,False,False,True,False,31553
158232,ATTTACCTCATGCAGT,961,794,612,0,446,0.0188916876574307,425,446,0.952914798206278,NA,NA,NA,1.88916876574307,NA,False,False,False,False,True,False,35936
133267,ATTCTACTCCGTGGGT,68,60,14,0,54,0.05,47,54,0.87037037037037,NA,NA,NA,5,NA,False,False,False,False,True,False,84146
27666,TCACAAGTCTTCACAT,1013,844,645,0,445,0.0236966824644549,421,445,0.946067415730337,NA,NA,NA,2.36966824644549,NA,False,False,False,False,True,False,36063
96657,GTGATGTGTGTTTACG,810,671,583,0,356,0.0283159463487332,337,356,0.946629213483146,NA,NA,NA,2.83159463487332,NA,False,False,False,False,True,False,71383
29895,GTTGTCCAGATGATTG,2033,1718,1176,0,928,0.0459837019790454,895,928,0.964439655172414,0.00113664532545954,0,1,4.59837019790454,100,False,False,False,False,True,False,5243
5047,CTACCCATCACATTGG,19634,17640,2774,0,8618,0.310147392290249,5840,8618,0.677651427245301,0.999999403953552,6612,0.232768623810629,31.0147392290249,23.2768623810629,True,True,True,True,False,False,3476
120797,CGGGTCACACAAAGCG,1094,900,669,0,469,0.0166666666666666,454,469,0.968017057569296,NA,NA,NA,1.66666666666666,NA,False,False,False,False,True,False,26164
16707,ATCGTCCGTGAGTGAC,849,704,568,0,379,0.018465909090909,364,379,0.96042216358839,NA,NA,NA,1.8465909090909,NA,False,False,False,False,True,False,65433
8975,ATCCCTGAGCTCGTGC,1437,1240,637,0,690,0.014516129032258,645,690,0.934782608695652,0.000225825511734001,0,1,1.4516129032258,100,False,False,False,False,True,False,6261
105221,CATTGAGAGCTCCGAC,910,791,379,0,430,0.0353982300884955,416,430,0.967441860465116,NA,NA,NA,3.53982300884955,NA,False,False,False,False,True,False,43468
63821,AGCCAGCGTCCCTAAA,978,814,598,0,419,0.0565110565110565,401,419,0.957040572792363,NA,NA,NA,5.65110565110565,NA,False,False,False,False,True,False,48695
27276,TGGATCACAGTAGTGG,104,98,9,0,92,0.010204081632653,81,92,0.880434782608696,NA,NA,NA,1.0204081632653,NA,False,False,False,False,True,False,79562
157883,GGTCTGGCAGCAGATG,845,715,527,0,387,0.0041958041958041,378,387,0.976744186046512,NA,NA,NA,0.41958041958041,NA,False,False,False,False,True,False,62841
31368,TCATTACCACCACATA,963,793,631,0,439,0.103404791929382,425,439,0.968109339407745,NA,NA,NA,10.3404791929382,NA,False,False,False,False,True,False,38864
73365,AGTGATCTCTAGGAAA,28,24,4,0,23,0.125,23,23,1,NA,NA,NA,12.5,NA,False,False,False,False,True,False,99988
191616,TCGAAGTTCGACGTCG,68,66,2,0,33,0.0151515151515151,7,33,0.212121212121212,NA,NA,NA,1.51515151515151,NA,False,False,False,False,True,False,92218
11792,CACTTCGTCCAAACCA,1074,898,579,0,480,0.0412026726057906,461,480,0.960416666666667,NA,NA,NA,4.12026726057906,NA,False,False,False,False,True,False,22123
100496,GTACAACTCCCTCGAT,1319,1093,882,0,559,0.0265324794144556,539,559,0.964221824686941,NA,NA,NA,2.65324794144556,NA,False,False,False,False,True,False,8856
180710,CGGACACTCTTGAACG,984,799,842,0,410,0.0187734668335419,393,410,0.958536585365854,NA,NA,NA,1.87734668335419,NA,False,False,False,False,True,False,53227
215066,TTCTAGTAGGATGGCT,161,34,7,0,28,0,27,28,0.964285714285714,NA,NA,NA,0,NA,False,False,False,False,True,False,95832
73992,CGTTAGATCTATCCAT,108,92,20,0,80,0.0760869565217391,62,80,0.775,NA,NA,NA,7.60869565217391,NA,False,False,False,False,True,False,80433
89106,TATTGCTCAACTGCTA,31,29,1,0,25,0.0689655172413793,19,25,0.76,NA,NA,NA,6.89655172413793,NA,False,False,False,False,True,False,98060
56929,CAGCGTGCAACTAGAA,991,825,561,0,422,0.0072727272727272,403,422,0.954976303317536,NA,NA,NA,0.72727272727272,NA,False,False,False,False,True,False,47265
102972,ATGGTTGCAGTACTAC,1055,863,814,0,431,0.0162224797219003,406,431,0.94199535962877,NA,NA,NA,1.62224797219003,NA,False,False,False,False,True,False,42968
30743,CTTCTAAAGACGACTG,795,692,327,0,378,0.0086705202312138,359,378,0.94973544973545,NA,NA,NA,0.86705202312138,NA,False,False,False,False,True,False,65786
59196,TCAGTGACAGTAACAA,1083,923,574,0,472,0.0433369447453954,453,472,0.959745762711864,NA,NA,NA,4.33369447453954,NA,False,False,False,False,True,False,24933
29682,GTACAACAGGGAGTGG,999,811,662,0,450,0.0369913686806411,429,450,0.953333333333333,NA,NA,NA,3.69913686806411,NA,False,False,False,False,True,False,33802
154324,GAATCGTGTCATCGCG,1007,856,534,0,468,0.0128504672897196,459,468,0.980769230769231,NA,NA,NA,1.28504672897196,NA,False,False,False,False,True,False,26581
148399,AACTTCTTCATTCCTA,1060,856,922,0,458,0.0292056074766355,438,458,0.956331877729258,NA,NA,NA,2.92056074766355,NA,False,False,False,False,True,False,30653
62655,CTTCTCTAGTATGTAG,823,687,467,0,422,0.110625909752547,406,422,0.962085308056872,NA,NA,NA,11.0625909752547,NA,False,False,False,False,True,False,47283
23037,TTGGATGAGAGATCGC,1019,881,378,0,475,0.132803632236095,460,475,0.968421052631579,NA,NA,NA,13.2803632236095,NA,False,False,False,False,True,False,23790
178467,TCTAACTAGCCTGTCG,1096,912,663,0,533,0.0263157894736842,515,533,0.966228893058161,NA,NA,NA,2.63157894736842,NA,False,False,False,False,True,False,11094
67760,ATGAGGGTCTGCGTCT,1008,866,492,0,460,0.0484988452655889,441,460,0.958695652173913,NA,NA,NA,4.84988452655889,NA,False,False,False,False,True,False,29684
239835,CCTTGTGCAAGACCTT,45,44,1,0,35,0.0227272727272727,29,35,0.828571428571429,NA,NA,NA,2.27272727272727,NA,False,False,False,False,True,False,91145
61285,ATACCTTAGTGTTCCA,880,745,488,0,405,0.0161073825503355,388,405,0.958024691358025,NA,NA,NA,1.61073825503355,NA,False,False,False,False,True,False,55263
79423,AAGTTCGGTCTGTGAT,34,29,6,0,25,0.0344827586206896,23,25,0.92,NA,NA,NA,3.44827586206896,NA,False,False,False,False,True,False,98042
181157,GGGATGAGTGAATGAT,32,28,1,0,25,0.0357142857142857,22,25,0.88,NA,NA,NA,3.57142857142857,NA,False,False,False,False,True,False,98239
28336,TCATGCCGTCATACCA,1095,903,722,0,489,0.0177187153931339,472,489,0.965235173824131,NA,NA,NA,1.77187153931339,NA,False,False,False,False,True,False,19493
51595,CTACTATGTTGAATCC,765,630,478,0,350,0.0142857142857142,336,350,0.96,NA,NA,NA,1.42857142857142,NA,False,False,False,False,True,False,72391
65212,GGGTTTATCGCGAAGA,847,739,354,0,406,0.027063599458728,390,406,0.960591133004926,NA,NA,NA,2.7063599458728,NA,False,False,False,False,True,False,54778
144458,AGATGAACATGAGGGT,750,648,336,0,358,0.100308641975309,334,358,0.932960893854749,NA,NA,NA,10.0308641975309,NA,False,False,False,False,True,False,71036
157356,TCGACCTAGCTGCCAC,1171,885,1411,0,467,0.0192090395480226,442,467,0.946466809421842,NA,NA,NA,1.92090395480226,NA,False,False,False,False,True,False,26969
161156,GGTGTCGGTGATACCT,867,725,518,0,382,0.0151724137931034,369,382,0.965968586387435,NA,NA,NA,1.51724137931034,NA,False,False,False,False,True,False,64705
122529,GGAGGATCACCGTGGT,984,824,606,0,440,0.0230582524271844,420,440,0.954545454545455,NA,NA,NA,2.30582524271844,NA,False,False,False,False,True,False,38652
54427,GACAGCCTCATCACAG,967,810,568,0,435,0.0333333333333333,412,435,0.947126436781609,NA,NA,NA,3.33333333333333,NA,False,False,False,False,True,False,40875
11863,AGTGCCGAGGTGAGCT,872,726,487,0,383,0.0330578512396694,370,383,0.966057441253264,NA,NA,NA,3.30578512396694,NA,False,False,False,False,True,False,64045
49378,AATGGCTCATGTCGTA,980,827,621,0,433,0.0048367593712212,407,433,0.939953810623557,NA,NA,NA,0.48367593712212,NA,False,False,False,False,True,False,41791
262112,AGGTCTATCCCTCGTA,31,28,3,0,28,0.0357142857142857,21,28,0.75,NA,NA,NA,3.57142857142857,NA,False,False,False,False,True,False,96006
66067,CGTTCTGCAAATAGCA,906,765,413,0,427,0.0588235294117647,408,427,0.955503512880562,NA,NA,NA,5.88235294117647,NA,False,False,False,False,True,False,44833
205286,GTCTAGATCTAAGGAA,117,57,7,0,51,0.0701754385964912,42,51,0.823529411764706,NA,NA,NA,7.01754385964912,NA,False,False,False,False,True,False,84959
154271,ATTTCACGTGGTCCGT,793,638,699,0,324,0.0109717868338558,317,324,0.978395061728395,NA,NA,NA,1.09717868338558,NA,False,False,False,False,True,False,75104
7900,TGGGCGTGTATGTCTG,27671,25149,3036,0,11187,0.258698158972524,7209,11187,0.644408688656476,0.999999165534973,9542,0.147045678019129,25.8698158972524,14.7045678019129,True,True,True,True,False,False,3120
219145,TCATCATGTAACACGG,31,27,0,0,24,0,22,24,0.916666666666667,NA,NA,NA,0,NA,False,False,False,False,True,False,99397
186026,TTGCCTGAGCTCATAC,47,39,14,0,35,0.0256410256410256,28,35,0.8,NA,NA,NA,2.56410256410256,NA,False,False,False,False,True,False,90971
41627,TAGACCAGTTCGTGCG,982,818,617,0,454,0.030562347188264,436,454,0.960352422907489,NA,NA,NA,3.0562347188264,NA,False,False,False,False,True,False,32115
12733,AAATGGAGTGTCCCTT,899,788,267,0,444,0.0063451776649746,423,444,0.952702702702703,NA,NA,NA,0.63451776649746,NA,False,False,False,False,True,False,36484
120416,GATTTCTAGGTTCTAC,854,681,740,0,394,0.0279001468428781,374,394,0.949238578680203,NA,NA,NA,2.79001468428781,NA,False,False,False,False,True,False,60089
367841,AACCCAATCCATCTGC,39,36,9,0,27,0.0833333333333333,22,27,0.814814814814815,NA,NA,NA,8.33333333333333,NA,False,False,False,False,True,False,96995
126052,GCTACAATCTGCGATA,1018,854,599,0,460,0.0175644028103044,449,460,0.976086956521739,NA,NA,NA,1.75644028103044,NA,False,False,False,False,True,False,29796
31170,AGTGACTTCTCTTAAC,769,626,628,0,333,0.0383386581469648,317,333,0.951951951951952,NA,NA,NA,3.83386581469648,NA,False,False,False,False,True,False,74389
39529,AGATGCTGTTATCTGG,888,743,524,0,422,0.0834454912516823,408,422,0.966824644549763,NA,NA,NA,8.34454912516823,NA,False,False,False,False,True,False,47188
85013,CAATACGGTCCGTTTC,1253,1021,951,0,520,0.0146914789422135,497,520,0.955769230769231,NA,NA,NA,1.46914789422135,NA,False,False,False,False,True,False,12819
87390,GACTCAAAGAGTGACC,1006,860,520,0,457,0.027906976744186,435,457,0.951859956236324,NA,NA,NA,2.7906976744186,NA,False,False,False,False,True,False,31004
12962,TTTGTTGCATTCCTCG,885,683,1028,0,388,0.0702781844802342,371,388,0.956185567010309,NA,NA,NA,7.02781844802342,NA,False,False,False,False,True,False,62153
87262,CATCCCATCCACTTCG,1128,972,549,0,539,0.0349794238683127,519,539,0.962894248608534,NA,NA,NA,3.49794238683127,NA,False,False,False,False,True,False,10380
69929,AGAGAATAGTTAACAG,841,725,361,0,406,0.0510344827586206,384,406,0.945812807881773,NA,NA,NA,5.10344827586206,NA,False,False,False,False,True,False,54795
153094,TGGGATTGTAGTCTTG,948,809,599,0,439,0.0123609394313967,419,439,0.954441913439636,NA,NA,NA,1.23609394313967,NA,False,False,False,False,True,False,39180
215550,TACCTGCCACACGTGC,87,79,12,0,73,0.0253164556962025,55,73,0.753424657534247,NA,NA,NA,2.53164556962025,NA,False,False,False,False,True,False,81194
280999,GCAACCGTCATCGCAA,36,30,2,0,28,0.0333333333333333,20,28,0.714285714285714,NA,NA,NA,3.33333333333333,NA,False,False,False,False,True,False,96033
93623,GACCCTTGTGAACGGT,793,673,444,0,363,0.0267459138187221,348,363,0.958677685950413,NA,NA,NA,2.67459138187221,NA,False,False,False,False,True,False,69936
112355,GGTGGCTAGTCGAGGT,143,133,10,0,56,0.0676691729323308,49,56,0.875,NA,NA,NA,6.76691729323308,NA,False,False,False,False,True,False,83708
56068,CCTCTCCCAGCTTTCC,1058,808,1178,0,464,0.016089108910891,429,464,0.924568965517241,NA,NA,NA,1.6089108910891,NA,False,False,False,False,True,False,27980
123067,CTAGACACAAGACGGT,156,133,41,0,130,0.0225563909774436,113,130,0.869230769230769,NA,NA,NA,2.25563909774436,NA,False,False,False,False,True,False,78135
142879,CAACCTCTCGCTTGAA,987,826,618,0,441,0.0387409200968523,422,441,0.956916099773243,NA,NA,NA,3.87409200968523,NA,False,False,False,False,True,False,38222
50186,TTTACCAAGCTGTTCA,778,609,655,0,334,0.0213464696223316,317,334,0.949101796407186,NA,NA,NA,2.13464696223316,NA,False,False,False,False,True,False,74301
20307,TGAGACTCATATCGGT,1014,871,485,0,458,0.0367393800229621,437,458,0.95414847161572,NA,NA,NA,3.67393800229621,NA,False,False,False,False,True,False,30328
2875,GCACGGTGTTCCTTGC,23165,20662,3324,0,9299,0.465589003968638,7623,9299,0.819765566189913,0.999999403953552,7135,0.232713194967201,46.5589003968638,23.2713194967201,True,True,True,True,False,False,3361
33755,GGAACCCTCTAGCAAC,1258,1072,737,0,543,0.0419776119402985,513,543,0.94475138121547,NA,NA,NA,4.19776119402985,NA,False,False,False,False,True,False,9989
54833,GGAGGATGTAACCAGG,986,853,422,0,456,0.0621336459554513,448,456,0.982456140350877,NA,NA,NA,6.21336459554513,NA,False,False,False,False,True,False,31324
153455,GATGACTGTTCGAACT,1064,873,770,0,440,0.0103092783505154,416,440,0.945454545454545,NA,NA,NA,1.03092783505154,NA,False,False,False,False,True,False,38704
105835,TACCCGTAGCGACTAG,890,737,651,0,419,0.0217096336499321,398,419,0.949880668257757,NA,NA,NA,2.17096336499321,NA,False,False,False,False,True,False,48809
51205,GGTTAACGTGAGCCAA,1032,865,563,0,474,0.117919075144509,459,474,0.968354430379747,NA,NA,NA,11.7919075144509,NA,False,False,False,False,True,False,24258
78358,TGTACAGGTGGTCTGC,54,43,16,0,38,0.0465116279069767,30,38,0.789473684210526,NA,NA,NA,4.65116279069767,NA,False,False,False,False,True,False,89287
317413,TGATCAGAGAGCCGAT,50,40,15,0,33,0,30,33,0.909090909090909,NA,NA,NA,0,NA,False,False,False,False,True,False,92459
277333,CCACCATAGAAACTGT,62,53,8,0,43,0.0566037735849056,29,43,0.674418604651163,NA,NA,NA,5.66037735849056,NA,False,False,False,False,True,False,87458
161886,AGTCATGGTTACGGAG,29,26,4,0,25,0.0384615384615384,25,25,1,NA,NA,NA,3.84615384615384,NA,False,False,False,False,True,False,98157
162517,CTGTACCCAAGGATGC,1064,889,688,0,473,0.0112485939257592,453,473,0.957716701902748,NA,NA,NA,1.12485939257592,NA,False,False,False,False,True,False,24744
6204,ACCAACACAGCCTTCT,1165,918,1033,0,490,0.0250544662309368,462,490,0.942857142857143,NA,NA,NA,2.50544662309368,NA,False,False,False,False,True,False,19117
105177,CGCATGGCAAAGACGC,986,842,393,0,452,0.0427553444180522,427,452,0.944690265486726,NA,NA,NA,4.27553444180522,NA,False,False,False,False,True,False,33147
263136,CACACAAAGCCTTCTC,51,39,37,0,28,0,11,28,0.392857142857143,NA,NA,NA,0,NA,False,False,False,False,True,False,96009
4176,GAATCACAGGAAGTGA,17237,15148,5438,0,7710,0.265183522577238,5174,7710,0.671076523994812,0.999999761581421,5798,0.24798962386511,26.5183522577238,24.798962386511,True,True,True,True,False,False,3612
15689,TTCCACGCAACTCGTA,1144,929,858,0,513,0.085037674919268,487,513,0.949317738791423,NA,NA,NA,8.5037674919268,NA,False,False,False,False,True,False,13929
255475,TCAAGCAGTTGACTGT,70,66,0,0,49,0,18,49,0.36734693877551,NA,NA,NA,0,NA,False,False,False,False,True,False,85518
54226,AATCGACCATCTTTCA,973,811,706,0,458,0.0234278668310727,439,458,0.958515283842795,NA,NA,NA,2.34278668310727,NA,False,False,False,False,True,False,30454
22746,TCTAACTCAAGGACAC,1154,960,784,0,525,0.078125,502,525,0.956190476190476,NA,NA,NA,7.8125,NA,False,False,False,False,True,False,12013
151612,TCCCAGTGTCGGAAAC,985,864,462,0,429,0.0104166666666666,418,429,0.974358974358974,NA,NA,NA,1.04166666666666,NA,False,False,False,False,True,False,44022
2081,TCACATTTCAAGAGTA,864,705,488,0,396,0.0170212765957446,388,396,0.97979797979798,NA,NA,NA,1.70212765957446,NA,False,False,False,False,True,False,59010
267580,TCACACCAGCAAACAT,58,53,1,0,41,0.0188679245283018,18,41,0.439024390243902,NA,NA,NA,1.88679245283018,NA,False,False,False,False,True,False,88258
188221,GAGACCCCACAGAGAC,1247,1039,723,0,528,0.0202117420596727,507,528,0.960227272727273,NA,NA,NA,2.02117420596727,NA,False,False,False,False,True,False,11710
13123,TATCGCCCATACGCAT,920,787,436,0,423,0.0470139771283354,398,423,0.940898345153664,NA,NA,NA,4.70139771283354,NA,False,False,False,False,True,False,46570
176390,ACCATTTCAGAGGGTT,1011,851,601,0,472,0.0164512338425381,460,472,0.974576271186441,NA,NA,NA,1.64512338425381,NA,False,False,False,False,True,False,25083
27216,CGAGGCTGTTCCGCGA,1096,947,584,0,505,0.058078141499472,487,505,0.964356435643564,NA,NA,NA,5.8078141499472,NA,False,False,False,False,True,False,15572
61934,TATACCTTCATGCAGT,864,728,520,0,388,0.0192307692307692,374,388,0.963917525773196,NA,NA,NA,1.92307692307692,NA,False,False,False,False,True,False,62297
117035,TCAATTCTCGTCGGGT,697,612,254,0,331,0.0294117647058823,314,331,0.948640483383686,NA,NA,NA,2.94117647058823,NA,False,False,False,False,True,False,74581
181623,CCTCAGTGTGCTGCAC,911,764,687,0,385,0.0183246073298429,371,385,0.963636363636364,NA,NA,NA,1.83246073298429,NA,False,False,False,False,True,False,63629
21195,GGGACAAGTCTGCATA,1052,891,543,0,483,0.0404040404040404,461,483,0.954451345755694,NA,NA,NA,4.04040404040404,NA,False,False,False,False,True,False,21194
107387,TGTTCTAGTGCTTCAA,808,633,689,0,360,0.0142180094786729,346,360,0.961111111111111,NA,NA,NA,1.42180094786729,NA,False,False,False,False,True,False,70598
83258,GTTACGAAGGTTCCAT,811,670,589,0,372,0.0134328358208955,362,372,0.973118279569892,NA,NA,NA,1.34328358208955,NA,False,False,False,False,True,False,67683
75252,GCCGTGAAGGTGCGAT,216,185,108,0,138,0.14054054054054,133,138,0.963768115942029,NA,NA,NA,14.054054054054,NA,False,False,False,False,True,False,77977
18381,GTCATGACATAACCCA,1044,886,560,0,468,0.0225733634311512,446,468,0.952991452991453,NA,NA,NA,2.25733634311512,NA,False,False,False,False,True,False,26290
35967,TACGCTCCACCTGCGA,99,82,18,0,62,0.0609756097560975,50,62,0.806451612903226,NA,NA,NA,6.09756097560975,NA,False,False,False,False,True,False,82624
196147,GTCGCGATCTTACGGA,638,560,311,0,311,0.0071428571428571,291,311,0.935691318327974,NA,NA,NA,0.71428571428571,NA,False,False,False,False,True,False,75678
29631,GTTAGACGTGATGGCA,1067,903,571,0,489,0.127353266888151,474,489,0.969325153374233,NA,NA,NA,12.7353266888151,NA,False,False,False,False,True,False,19497
99434,TCAGCAATCAAGTAAG,889,749,400,0,415,0.048064085447263,398,415,0.959036144578313,NA,NA,NA,4.8064085447263,NA,False,False,False,False,True,False,50719
197169,AGCCAGCCAACAAGTA,73,66,6,0,62,0.0303030303030303,56,62,0.903225806451613,NA,NA,NA,3.03030303030303,NA,False,False,False,False,True,False,82721
232709,GTCAAGTAGGAGTCTG,51,47,4,0,38,0.106382978723404,31,38,0.815789473684211,NA,NA,NA,10.6382978723404,NA,False,False,False,False,True,False,89548
72938,GTCTACCCACTGGATT,140,126,12,0,107,0.0476190476190476,80,107,0.747663551401869,NA,NA,NA,4.76190476190476,NA,False,False,False,False,True,False,78836
75961,TCATACTAGGATGGCT,937,792,540,0,443,0.0429292929292929,433,443,0.977426636568849,NA,NA,NA,4.29292929292929,NA,False,False,False,False,True,False,37181
255933,CTCACTGAGCCTAACT,37,32,14,0,24,0,17,24,0.708333333333333,NA,NA,NA,0,NA,False,False,False,False,True,False,99526
58408,GTCGCGAAGCACGATG,803,697,301,0,387,0.0086083213773314,370,387,0.956072351421189,NA,NA,NA,0.86083213773314,NA,False,False,False,False,True,False,62677
45470,TACGCTCAGATGCGAC,1001,832,724,0,432,0.0456730769230769,414,432,0.958333333333333,NA,NA,NA,4.56730769230769,NA,False,False,False,False,True,False,42284
154286,GTCGCGAGTAGGAAAG,655,561,374,0,336,0.0285204991087344,320,336,0.952380952380952,NA,NA,NA,2.85204991087344,NA,False,False,False,False,True,False,74175
7318,CTGATCCAGTTGTACC,1266,1034,761,0,535,0.0918762088974854,517,535,0.966355140186916,NA,NA,NA,9.18762088974854,NA,False,False,False,False,True,False,10767
13296,ATAGGCTGTTCAGGTT,1121,918,769,0,513,0.142701525054466,482,513,0.939571150097466,NA,NA,NA,14.2701525054466,NA,False,False,False,False,True,False,13923
167161,ATCCTATAGTGCACTT,979,810,658,0,452,0.0209876543209876,427,452,0.944690265486726,NA,NA,NA,2.09876543209876,NA,False,False,False,False,True,False,33272
43169,TACCGAACATGACGTT,1029,870,526,0,452,0.025287356321839,429,452,0.949115044247788,NA,NA,NA,2.5287356321839,NA,False,False,False,False,True,False,32983
19849,CTCACTGCATGTGCTA,875,740,512,0,391,0.0932432432432432,377,391,0.964194373401535,NA,NA,NA,9.32432432432432,NA,False,False,False,False,True,False,60999
5556,CATGCTCCAGACTCTA,1480,1240,867,0,680,0.0201612903225806,648,680,0.952941176470588,0.000153344954014756,0,1,2.01612903225806,100,False,True,False,False,True,False,6307
154335,GACTGATGTCGATGCC,172,152,33,0,123,0.0855263157894736,98,123,0.796747967479675,NA,NA,NA,8.55263157894736,NA,False,False,False,False,True,False,78331
43458,TTCTAACTCAGCTGAT,837,694,489,0,356,0.0461095100864553,335,356,0.941011235955056,NA,NA,NA,4.61095100864553,NA,False,False,False,False,True,False,71321
53881,TTACAGGAGGCTCTCG,983,829,573,0,473,0.0591073582629674,453,473,0.957716701902748,NA,NA,NA,5.91073582629674,NA,False,False,False,False,True,False,24588
81749,GTACAACGTGAATTGA,2077,1734,1292,0,920,0.0155709342560553,889,920,0.966304347826087,0.00118209118954837,0,1,1.55709342560553,100,False,False,False,False,True,False,5263
38724,TCGGTCTAGGACACTG,86,80,13,0,65,0.0125,55,65,0.846153846153846,NA,NA,NA,1.25,NA,False,False,False,False,True,False,82151
166090,CTGTATTTCAGACCCG,119,108,15,0,101,0.0462962962962962,70,101,0.693069306930693,NA,NA,NA,4.62962962962962,NA,False,False,False,False,True,False,79114
146437,AGGCATTTCCTGGCTT,960,834,415,0,430,0.0251798561151079,406,430,0.944186046511628,NA,NA,NA,2.51798561151079,NA,False,False,False,False,True,False,43533
42327,GACATCATCCTTCAGC,1248,1003,933,0,546,0.0249252243270189,501,546,0.917582417582418,NA,NA,NA,2.49252243270189,NA,False,False,False,False,True,False,9753
17937,CTTCCTTTCCCGAATA,799,656,623,0,397,0.0579268292682926,373,397,0.939546599496222,NA,NA,NA,5.79268292682926,NA,False,False,False,False,True,False,58635
88956,ACCCTCACAACCGTGC,1010,849,595,0,433,0.0259128386336866,409,433,0.944572748267898,NA,NA,NA,2.59128386336866,NA,False,False,False,False,True,False,41933
98200,GGGCGTTCACGCTGCA,1104,931,576,0,479,0.0182599355531686,464,479,0.968684759916493,NA,NA,NA,1.82599355531686,NA,False,False,False,False,True,False,22656
21075,TCACAAGGTTATGTGC,202,183,16,0,156,0.0710382513661202,129,156,0.826923076923077,NA,NA,NA,7.10382513661202,NA,False,False,False,False,True,False,77704
114462,ACGTAACGTTGTATGC,953,819,600,0,430,0.028083028083028,409,430,0.951162790697674,NA,NA,NA,2.8083028083028,NA,False,False,False,False,True,False,43486
129572,TTCTAGTAGCATGGGT,768,634,507,0,342,0.0094637223974763,318,342,0.929824561403509,NA,NA,NA,0.94637223974763,NA,False,False,False,False,True,False,73570
19602,CTTCTAACATTGCCTC,887,708,745,0,399,0.0268361581920903,372,399,0.932330827067669,NA,NA,NA,2.68361581920903,NA,False,False,False,False,True,False,57841
78026,AGACCCGTCGTTATCT,535,445,82,0,366,0.0831460674157303,233,366,0.636612021857924,NA,NA,NA,8.31460674157303,NA,False,False,False,False,True,False,69250
168358,ATAGACCGTGTTTCTT,50,45,1,0,44,0.0666666666666666,38,44,0.863636363636364,NA,NA,NA,6.66666666666666,NA,False,False,False,False,True,False,86954
638164,TATTGCTGTTGTACGT,30,29,1,0,25,0.103448275862069,22,25,0.88,NA,NA,NA,10.3448275862069,NA,False,False,False,False,True,False,98892
153011,AGTGTTGAGGACAAGA,770,653,396,0,341,0.007656967840735,326,341,0.956011730205279,NA,NA,NA,0.7656967840735,NA,False,False,False,False,True,False,73705
117915,CTCCGATAGAGGCGTT,864,746,378,0,422,0.0469168900804289,403,422,0.954976303317536,NA,NA,NA,4.69168900804289,NA,False,False,False,False,True,False,47433
249470,TGGGTTATCTACTTCA,96,84,24,0,55,0,29,55,0.527272727272727,NA,NA,NA,0,NA,False,False,False,False,True,False,84031
42999,GACCCAGGTATCAAGA,869,721,550,0,383,0.0901525658807212,367,383,0.95822454308094,NA,NA,NA,9.01525658807212,NA,False,False,False,False,True,False,64123
27824,CTATAGGTCAATCTCT,844,704,528,0,395,0.0255681818181818,376,395,0.951898734177215,NA,NA,NA,2.55681818181818,NA,False,False,False,False,True,False,59491
55510,GATCGTATCGGACAAG,883,766,422,0,406,0.010443864229765,384,406,0.945812807881773,NA,NA,NA,1.0443864229765,NA,False,False,False,False,True,False,54752
117596,CCGTGAGTCAAGAATG,719,593,498,0,341,0.0118043844856661,329,341,0.964809384164223,NA,NA,NA,1.18043844856661,NA,False,False,False,False,True,False,73690
30215,ACATCCCAGAGTGACC,823,696,492,0,363,0.0172413793103448,341,363,0.939393939393939,NA,NA,NA,1.72413793103448,NA,False,False,False,False,True,False,69860
157026,GTCGAATGTGCGAGTA,173,147,28,0,130,0.0476190476190476,113,130,0.869230769230769,NA,NA,NA,4.76190476190476,NA,False,False,False,False,True,False,78139
258825,TCCACGTTCTGGGCCA,36,31,4,0,28,0,22,28,0.785714285714286,NA,NA,NA,0,NA,False,False,False,False,True,False,95993
151971,AGGAAATAGCGCTGAA,1194,1020,580,0,547,0.0127450980392156,520,547,0.950639853747715,NA,NA,NA,1.27450980392156,NA,False,False,False,False,True,False,9708
70012,TGCTTCGAGAGTCTGG,972,812,621,0,444,0.0233990147783251,424,444,0.954954954954955,NA,NA,NA,2.33990147783251,NA,False,False,False,False,True,False,36721
215800,CGGGTCATCGAAATCC,51,43,8,0,40,0,35,40,0.875,NA,NA,NA,0,NA,False,False,False,False,True,False,88598
27855,TGGATCAAGGCCTGCT,927,744,793,0,392,0.0228494623655914,371,392,0.946428571428571,NA,NA,NA,2.28494623655914,NA,False,False,False,False,True,False,60642
15506,GTCTACCAGACCACGA,998,883,418,0,474,0.0317100792751981,451,474,0.951476793248945,NA,NA,NA,3.17100792751981,NA,False,False,False,False,True,False,24133
13512,CTGCCTAGTAGTTACC,1006,844,642,0,459,0.0414691943127962,425,459,0.925925925925926,NA,NA,NA,4.14691943127962,NA,False,False,False,False,True,False,29896
87950,CCTGCATGTTTGAAAG,1152,957,857,0,501,0.0229885057471264,482,501,0.962075848303393,NA,NA,NA,2.29885057471264,NA,False,False,False,False,True,False,16512
23660,TGGGCTGGTAGTATAG,1010,890,415,0,459,0.0370786516853932,444,459,0.967320261437909,NA,NA,NA,3.70786516853932,NA,False,False,False,False,True,False,29940
14410,TTCTAGTTCGGCTATA,881,729,587,0,402,0.0438957475994513,386,402,0.960199004975124,NA,NA,NA,4.38957475994513,NA,False,False,False,False,True,False,56475
34650,ACCCTCATCATTATCC,983,816,655,0,459,0.0428921568627451,436,459,0.949891067538126,NA,NA,NA,4.28921568627451,NA,False,False,False,False,True,False,29983
182932,CCCAACTCAGCCGTTG,88,72,17,0,73,0.0416666666666666,59,73,0.808219178082192,NA,NA,NA,4.16666666666666,NA,False,False,False,False,True,False,81169
21356,GACCCTTCACTTCTCG,1021,865,592,0,479,0.0312138728323699,456,479,0.951983298538622,NA,NA,NA,3.12138728323699,NA,False,False,False,False,True,False,22461
163348,TAGATCGGTAAGGCTG,635,547,337,0,290,0.0091407678244972,281,290,0.968965517241379,NA,NA,NA,0.91407678244972,NA,False,False,False,False,True,False,76221
54280,CCGGTGACAACACGAG,223,196,39,0,169,0.0153061224489795,130,169,0.769230769230769,NA,NA,NA,1.53061224489795,NA,False,False,False,False,True,False,77526
28311,TATGTTCCATGAGATA,877,752,409,0,415,0.0106382978723404,397,415,0.956626506024096,NA,NA,NA,1.06382978723404,NA,False,False,False,False,True,False,50475
86914,ATGGGAGTCTCGGGAC,1108,920,739,0,496,0.0434782608695652,476,496,0.959677419354839,NA,NA,NA,4.34782608695652,NA,False,False,False,False,True,False,17717
141035,GCCAGCAAGTGGCGAT,960,836,487,0,430,0.0107655502392344,409,430,0.951162790697674,NA,NA,NA,1.07655502392344,NA,False,False,False,False,True,False,43523
32428,CCACAAAGTTAAGCAA,1222,1004,721,0,537,0.0159362549800796,513,537,0.955307262569832,NA,NA,NA,1.59362549800796,NA,False,False,False,False,True,False,10582
133849,TAGGTACTCGGATAAA,748,652,244,0,357,0.0184049079754601,345,357,0.966386554621849,NA,NA,NA,1.84049079754601,NA,False,False,False,False,True,False,71233
67882,ACAACCACACGTAGTT,1066,868,851,0,477,0.064516129032258,454,477,0.951781970649895,NA,NA,NA,6.4516129032258,NA,False,False,False,False,True,False,23262
173751,CTCAGTCAGTATTCCG,41,37,0,0,35,0.081081081081081,26,35,0.742857142857143,NA,NA,NA,8.1081081081081,NA,False,False,False,False,True,False,90931
201134,CGAAGTTAGAATACAC,115,103,12,0,88,0.0097087378640776,69,88,0.784090909090909,NA,NA,NA,0.97087378640776,NA,False,False,False,False,True,False,79855
9040,CACCGTTGTACCGTGC,4580,3935,1916,0,2069,0.0274459974587039,2032,2069,0.982116964717255,0.999083399772644,835,0.596423392943451,2.74459974587039,59.6423392943451,True,False,False,False,True,False,4581
5186,CTGTGAAAGGCTCAAG,973,842,414,0,471,0.0344418052256532,447,471,0.949044585987261,NA,NA,NA,3.44418052256532,NA,False,False,False,False,True,False,25094
63924,CCTCTAGGTCAAAGTA,874,753,432,0,418,0.0199203187250996,400,418,0.956937799043062,NA,NA,NA,1.99203187250996,NA,False,False,False,False,True,False,49168
133540,AGAACCTTCTCGTGAA,878,737,521,0,407,0.0257801899592944,391,407,0.960687960687961,NA,NA,NA,2.57801899592944,NA,False,False,False,False,True,False,54492
17887,AGGTCTAAGACCCGCT,953,763,839,0,443,0.0615989515072083,429,443,0.968397291196388,NA,NA,NA,6.15989515072083,NA,False,False,False,False,True,False,36964
66174,CACAGATAGCCTCATA,975,833,499,0,455,0.0744297719087635,434,455,0.953846153846154,NA,NA,NA,7.44297719087635,NA,False,False,False,False,True,False,31787
33572,TAGGGTTCAACGGCTC,2473,2128,1422,0,1169,0.0061090225563909,1138,1169,0.973481608212147,0.0173902101814747,0,1,0.61090225563909,100,False,False,False,False,True,False,4861
125813,CAAGACTTCACTGGGC,952,750,875,0,397,0.012,377,397,0.949622166246851,NA,NA,NA,1.2,NA,False,False,False,False,True,False,58931
100273,CACTGAAAGCTTCATG,927,791,468,0,404,0.0151706700379266,388,404,0.96039603960396,NA,NA,NA,1.51706700379266,NA,False,False,False,False,True,False,55854
61107,CTGCTCATCGATTCCC,889,736,610,0,396,0.0258152173913043,378,396,0.954545454545455,NA,NA,NA,2.58152173913043,NA,False,False,False,False,True,False,59198
20927,CAGGTATAGTCGTTAC,1010,878,435,0,490,0.10250569476082,468,490,0.955102040816327,NA,NA,NA,10.250569476082,NA,False,False,False,False,True,False,19165
283804,TGGAGAGAGCTATCCA,34,32,1,0,30,0,28,30,0.933333333333333,NA,NA,NA,0,NA,False,False,False,False,True,False,94471
52680,AGGCATTCAGCAGAAC,1013,878,480,0,439,0.0216400911161731,423,439,0.963553530751708,NA,NA,NA,2.16400911161731,NA,False,False,False,False,True,False,38938
15927,TTCTAGTCAGCAGAAC,1097,893,751,0,503,0.128779395296753,480,503,0.95427435387674,NA,NA,NA,12.8779395296753,NA,False,False,False,False,True,False,15957
9592,AGAGAGCAGTACTCGT,1199,1028,519,0,553,0.0943579766536965,526,553,0.951175406871609,NA,NA,NA,9.43579766536965,NA,False,False,False,False,True,False,9178
48619,CTACTATGTGTCATCA,74,63,8,0,62,0.0634920634920634,59,62,0.951612903225806,NA,NA,NA,6.34920634920634,NA,False,False,False,False,True,False,82627
129934,GCACATAGTGGATCAG,988,836,655,0,441,0.0322966507177033,428,441,0.970521541950113,NA,NA,NA,3.22966507177033,NA,False,False,False,False,True,False,38202
61344,ACTTTGTCAATAACCC,786,670,402,0,368,0.0134328358208955,351,368,0.953804347826087,NA,NA,NA,1.34328358208955,NA,False,False,False,False,True,False,68705
136268,CTAACCCGTGTCCAAT,834,709,470,0,367,0.0141043723554301,348,367,0.948228882833787,NA,NA,NA,1.41043723554301,NA,False,False,False,False,True,False,69052
160085,TCATGGAAGCTGGCTC,1100,942,568,0,507,0.0212314225053078,481,507,0.948717948717949,NA,NA,NA,2.12314225053078,NA,False,False,False,False,True,False,15304
56862,GGATGTTCAAGGAGTC,800,699,205,0,406,0.0815450643776824,386,406,0.950738916256158,NA,NA,NA,8.15450643776824,NA,False,False,False,False,True,False,54757
140793,TGAGCATGTTCACCGG,1022,835,738,0,456,0.0143712574850299,435,456,0.953947368421053,NA,NA,NA,1.43712574850299,NA,False,False,False,False,True,False,31493
188032,AGAGAGCAGGGTCATA,77,72,5,0,54,0,43,54,0.796296296296296,NA,NA,NA,0,NA,False,False,False,False,True,False,84203
38477,TTGGGTAAGCTAATCC,1020,862,547,0,459,0.0962877030162413,428,459,0.932461873638344,NA,NA,NA,9.62877030162413,NA,False,False,False,False,True,False,29998
28823,TAACCAGTCAAGTGTC,835,695,476,0,380,0.0071942446043165,356,380,0.936842105263158,NA,NA,NA,0.71942446043165,NA,False,False,False,False,True,False,65111
6184,GAGTGAGTCGGTTAGT,790,662,450,0,381,0.0241691842900302,362,381,0.950131233595801,NA,NA,NA,2.41691842900302,NA,False,False,False,False,True,False,64749
31875,ACCAACACACCATTCC,1490,1258,832,0,626,0.0182829888712241,595,626,0.950479233226837,NA,NA,NA,1.82829888712241,NA,False,False,False,False,True,False,6746
13207,AGGTGTTTCACCGCTT,2052,1730,1079,0,944,0.0566473988439306,897,944,0.95021186440678,0.000635725155007094,0,1,5.66473988439306,100,False,False,False,False,True,False,5186
251321,CAACGGCCAGAGTTCT,35,31,3,0,27,0.064516129032258,22,27,0.814814814814815,NA,NA,NA,6.4516129032258,NA,False,False,False,False,True,False,96786
125000,GCCCAGAGTCGCACAC,1357,1166,609,0,583,0.0145797598627787,560,583,0.960548885077187,NA,NA,NA,1.45797598627787,NA,False,False,False,False,True,False,7675
84401,GGTAACTAGAGGGTGG,772,630,579,0,362,0.0222222222222222,343,362,0.947513812154696,NA,NA,NA,2.22222222222222,NA,False,False,False,False,True,False,70152
58369,CTCTCGATCGATTGGT,770,655,435,0,379,0.03206106870229,360,379,0.949868073878628,NA,NA,NA,3.206106870229,NA,False,False,False,False,True,False,65533
43017,CACCAAAGTTTCACTT,1004,822,746,0,436,0.0340632603406326,413,436,0.947247706422018,NA,NA,NA,3.40632603406326,NA,False,False,False,False,True,False,40315
84654,CTGCATCTCATTCACT,992,840,556,0,453,0.0595238095238095,432,453,0.95364238410596,NA,NA,NA,5.95238095238095,NA,False,False,False,False,True,False,32688
17038,ACCCAAAAGCGTGCCT,1078,914,494,0,476,0.0273522975929978,454,476,0.953781512605042,NA,NA,NA,2.73522975929978,NA,False,False,False,False,True,False,23454
21763,CTTCTCTCATCGCTCT,785,612,811,0,337,0.0261437908496732,319,337,0.946587537091988,NA,NA,NA,2.61437908496732,NA,False,False,False,False,True,False,74026
89801,AGGGAGTGTGTTCATG,967,843,392,0,458,0.0225385527876631,449,458,0.980349344978166,NA,NA,NA,2.25385527876631,NA,False,False,False,False,True,False,30553
3071,CGGCAGTAGTGCGACA,158,140,19,0,124,0.1,107,124,0.862903225806452,NA,NA,NA,10,NA,False,False,False,False,True,False,78282
41236,CTCTCAGAGCTGGCTC,954,786,590,0,435,0.099236641221374,412,435,0.947126436781609,NA,NA,NA,9.9236641221374,NA,False,False,False,False,True,False,40830
52322,CACTGAATCTGGTGGC,940,745,784,0,410,0.0335570469798657,390,410,0.951219512195122,NA,NA,NA,3.35570469798657,NA,False,False,False,False,True,False,52939
41376,GGTCACGAGAGCCGAT,1035,856,756,0,463,0.0257009345794392,448,463,0.967602591792657,NA,NA,NA,2.57009345794392,NA,False,False,False,False,True,False,28374
50600,GGTTAACCACGACGAA,1280,1090,595,0,569,0.0541284403669724,540,569,0.949033391915642,NA,NA,NA,5.41284403669724,NA,False,False,False,False,True,False,8280
67597,TGAGGGACACAATGAA,1321,1155,497,0,603,0.0285714285714285,584,603,0.96849087893864,NA,NA,NA,2.85714285714285,NA,False,False,False,False,True,False,7139
27253,CTCCGATAGCCTGGAA,994,833,598,0,441,0.0456182472989195,425,441,0.963718820861678,NA,NA,NA,4.56182472989195,NA,False,False,False,False,True,False,37882
84727,TGCATGACACGGGTAA,1050,886,604,0,437,0.0067720090293453,414,437,0.947368421052632,NA,NA,NA,0.67720090293453,NA,False,False,False,False,True,False,39995
133906,TGAGCGCCAAAGAACT,871,726,594,0,412,0.0482093663911845,394,412,0.956310679611651,NA,NA,NA,4.82093663911845,NA,False,False,False,False,True,False,52235
70778,TTTACTGAGATGCTTC,749,623,532,0,344,0.0240770465489566,324,344,0.941860465116279,NA,NA,NA,2.40770465489566,NA,False,False,False,False,True,False,73283
213460,TACCGGGGTGAATGTA,35,32,4,0,30,0.03125,25,30,0.833333333333333,NA,NA,NA,3.125,NA,False,False,False,False,True,False,94304
287137,GTCACGGCAGCAGTAG,30,28,2,0,24,0,19,24,0.791666666666667,NA,NA,NA,0,NA,False,False,False,False,True,False,99613
153113,TGCACGGAGGATATGT,866,727,605,0,354,0.0123796423658872,338,354,0.954802259887006,NA,NA,NA,1.23796423658872,NA,False,False,False,False,True,False,71784
68812,TTCAATCAGGAAAGAC,825,701,368,0,375,0.0656205420827389,364,375,0.970666666666667,NA,NA,NA,6.56205420827389,NA,False,False,False,False,True,False,66771
47579,GAGACTTGTGGTCCGT,831,663,685,0,347,0.0648567119155354,334,347,0.962536023054755,NA,NA,NA,6.48567119155354,NA,False,False,False,False,True,False,72862
41847,GTTGTGAAGTTAACGA,795,677,382,0,387,0.0295420974889217,378,387,0.976744186046512,NA,NA,NA,2.95420974889217,NA,False,False,False,False,True,False,62633
30328,ACAGGGAGTTAGCGGA,865,726,534,0,396,0.0564738292011019,377,396,0.952020202020202,NA,NA,NA,5.64738292011019,NA,False,False,False,False,True,False,59093
7548,ATTGTTCGTATCACCA,906,750,544,0,384,0.064,371,384,0.966145833333333,NA,NA,NA,6.4,NA,False,False,False,False,True,False,63649
159273,TTGGGATGTCACGACC,1013,811,805,0,435,0.0184956843403205,411,435,0.944827586206897,NA,NA,NA,1.84956843403205,NA,False,False,False,False,True,False,41101
154843,CACAACAAGTTCTACG,138,129,14,0,99,0,61,99,0.616161616161616,NA,NA,NA,0,NA,False,False,False,False,True,False,79201
128082,AGTACTGCACGCTGTG,952,771,794,0,419,0.0168612191958495,403,419,0.9618138424821,NA,NA,NA,1.68612191958495,NA,False,False,False,False,True,False,48845
102849,AATAGAGGTGTGGTCC,854,713,510,0,389,0.0084151472650771,365,389,0.938303341902314,NA,NA,NA,0.84151472650771,NA,False,False,False,False,True,False,62003
90599,CAACCTCGTTCACCGG,1242,1022,928,0,549,0.0146771037181996,518,549,0.943533697632058,NA,NA,NA,1.46771037181996,NA,False,False,False,False,True,False,9546
157891,TGTGGCGCATTATGCG,979,781,528,0,428,0.0115236875800256,400,428,0.934579439252336,NA,NA,NA,1.15236875800256,NA,False,False,False,False,True,False,44543
187639,TCCTGCATCCCATGGG,46,43,1,0,38,0.0697674418604651,37,38,0.973684210526316,NA,NA,NA,6.97674418604651,NA,False,False,False,False,True,False,89438
27386,CTGTGGGCACTGATTG,34,28,2,0,26,0.321428571428571,24,26,0.923076923076923,NA,NA,NA,32.1428571428571,NA,False,False,False,False,False,False,97089
14142,TAGACCAGTTACCTGA,33,28,3,0,26,0.0714285714285714,19,26,0.730769230769231,NA,NA,NA,7.14285714285714,NA,False,False,False,False,True,False,97078
76310,TAACCAGGTTCGTGCG,257,233,13,0,200,0.0729613733905579,155,200,0.775,NA,NA,NA,7.29613733905579,NA,False,False,False,False,True,False,77205
152105,TGGATGTAGCTTGTGT,865,721,556,0,401,0.0110957004160887,388,401,0.967581047381546,NA,NA,NA,1.10957004160887,NA,False,False,False,False,True,False,57279
17264,TATACCTTCATCGCAA,1070,892,603,0,508,0.0661434977578475,480,508,0.94488188976378,NA,NA,NA,6.61434977578475,NA,False,False,False,False,True,False,14937
120399,GTGTTAGAGTGGTTAA,796,672,507,0,358,0.0089285714285714,339,358,0.946927374301676,NA,NA,NA,0.89285714285714,NA,False,False,False,False,True,False,71020
54052,TGCTCGTCACATCCCT,1040,855,726,0,468,0.0619883040935672,447,468,0.955128205128205,NA,NA,NA,6.19883040935672,NA,False,False,False,False,True,False,26420
257659,TAGGGTTGTTCGGTTA,40,32,8,0,28,0.03125,23,28,0.821428571428571,NA,NA,NA,3.125,NA,False,False,False,False,True,False,95992
300603,GGCTTTCAGGCTTCCG,67,61,13,0,50,0.0327868852459016,48,50,0.96,NA,NA,NA,3.27868852459016,NA,False,False,False,False,True,False,85304
262524,GTATTTCCATCCGTGG,54,50,6,0,27,0,6,27,0.222222222222222,NA,NA,NA,0,NA,False,False,False,False,True,False,96815
94840,TACCGAACACGCTTAA,83,71,25,0,62,0.028169014084507,49,62,0.790322580645161,NA,NA,NA,2.8169014084507,NA,False,False,False,False,True,False,82653
231841,CCAAGCGTCCGATCGG,34,31,3,0,28,0.032258064516129,26,28,0.928571428571429,NA,NA,NA,3.2258064516129,NA,False,False,False,False,True,False,95893
160810,CATGAGTGTAAGGCTG,980,845,503,0,469,0.029585798816568,451,469,0.961620469083156,NA,NA,NA,2.9585798816568,NA,False,False,False,False,True,False,26212
13217,GACTCAAGTTACGTAC,989,820,663,0,453,0.0329268292682926,428,453,0.944812362030905,NA,NA,NA,3.29268292682926,NA,False,False,False,False,True,False,32436
354221,TATCGCCGTTGCTCGG,41,35,5,0,31,0.0857142857142857,28,31,0.903225806451613,NA,NA,NA,8.57142857142857,NA,False,False,False,False,True,False,93844
26241,CTGGTCTTCGACCATA,795,673,414,0,372,0.0208023774145616,356,372,0.956989247311828,NA,NA,NA,2.08023774145616,NA,False,False,False,False,True,False,67574
32616,AACCTTTAGGAACTAT,1022,853,669,0,482,0.0562719812426729,465,482,0.964730290456432,NA,NA,NA,5.62719812426729,NA,False,False,False,False,True,False,21540
11294,GCACTAAAGTAATACG,970,860,366,0,432,0.0162790697674418,408,432,0.944444444444444,NA,NA,NA,1.62790697674418,NA,False,False,False,False,True,False,42142
42256,GTGGTTAAGAGGTGCT,954,794,536,0,430,0.0906801007556675,418,430,0.972093023255814,NA,NA,NA,9.06801007556675,NA,False,False,False,False,True,False,43291
121054,CATTTCATCAGGAACG,895,761,457,0,425,0.0604467805519053,405,425,0.952941176470588,NA,NA,NA,6.04467805519053,NA,False,False,False,False,True,False,45961
3731,CACTTCGTCTGTCAGA,1031,850,643,0,435,0.0258823529411764,414,435,0.951724137931034,NA,NA,NA,2.58823529411764,NA,False,False,False,False,True,False,40646
82392,TTGATGGCAATTTCCT,873,719,660,0,374,0.043115438108484,358,374,0.957219251336898,NA,NA,NA,4.3115438108484,NA,False,False,False,False,True,False,67088
60972,AGCGTATAGAGCTGCA,3237,2813,1399,0,1545,0.0010664770707429,1493,1545,0.966343042071197,0.999115407466888,772,0.500323624595469,0.10664770707429,50.0323624595469,True,False,False,False,True,False,4717
14683,GCTTCACTCTTCCTAA,907,744,697,0,417,0.0483870967741935,396,417,0.949640287769784,NA,NA,NA,4.83870967741935,NA,False,False,False,False,True,False,49440
45106,GAATAGAAGCGATCGA,918,783,393,0,418,0.0498084291187739,398,418,0.952153110047847,NA,NA,NA,4.98084291187739,NA,False,False,False,False,True,False,49100
54347,CTTACCGTCTTGCAAG,1064,881,651,0,492,0.0715096481271282,473,492,0.961382113821138,NA,NA,NA,7.15096481271282,NA,False,False,False,False,True,False,18698
513061,TACCCACCACATGAAA,31,29,1,0,24,0.172413793103448,24,24,1,NA,NA,NA,17.2413793103448,NA,False,False,False,False,True,False,99874
34774,ATGGGTTAGTCATCGT,1106,925,699,0,508,0.0627027027027027,490,508,0.964566929133858,NA,NA,NA,6.27027027027027,NA,False,False,False,False,True,False,14977
9195,GCCGATGCAGAGTAAT,1056,889,571,0,494,0.0663667041619797,474,494,0.959514170040486,NA,NA,NA,6.63667041619797,NA,False,False,False,False,True,False,18070
119799,AGGTCATGTTGCATTG,725,639,266,0,365,0.0187793427230046,347,365,0.950684931506849,NA,NA,NA,1.87793427230046,NA,False,False,False,False,True,False,69525
255544,TCGCAGGGTACCCGAC,48,39,9,0,24,0.0256410256410256,13,24,0.541666666666667,NA,NA,NA,2.56410256410256,NA,False,False,False,False,True,False,99523
128621,AGATCCAAGTGAGTGC,940,762,712,0,415,0.0209973753280839,394,415,0.949397590361446,NA,NA,NA,2.09973753280839,NA,False,False,False,False,True,False,50777
574795,GTGAGTTCAAGTGCAG,33,28,5,0,24,0,18,24,0.75,NA,NA,NA,0,NA,False,False,False,False,True,False,99881
10953,ATCGATGGTGTCCGGT,972,787,860,0,432,0.0343074968233799,414,432,0.958333333333333,NA,NA,NA,3.43074968233799,NA,False,False,False,False,True,False,42140
152263,CTAACTTTCAGGTAAA,791,651,535,0,372,0.010752688172043,356,372,0.956989247311828,NA,NA,NA,1.0752688172043,NA,False,False,False,False,True,False,67772
102130,TCAAGACTCTGTCCGT,947,805,523,0,439,0.0161490683229813,420,439,0.956719817767654,NA,NA,NA,1.61490683229813,NA,False,False,False,False,True,False,39091
60960,TTGGTTTGTAGCGATG,906,775,448,0,427,0.0941935483870967,411,427,0.962529274004684,NA,NA,NA,9.41935483870967,NA,False,False,False,False,True,False,44810
247600,GTTTACTGTCGAGCTC,46,40,22,0,29,0,12,29,0.413793103448276,NA,NA,NA,0,NA,False,False,False,False,True,False,95117
78568,ACCATTTTCCCAGCGA,982,802,651,0,440,0.0349127182044887,418,440,0.95,NA,NA,NA,3.49127182044887,NA,False,False,False,False,True,False,38551
121124,TTCCGGTGTGGCATCC,866,705,639,0,353,0.0340425531914893,337,353,0.954674220963173,NA,NA,NA,3.40425531914893,NA,False,False,False,False,True,False,71932
12259,TAACGACGTAGGCTGA,1050,932,437,0,494,0.0268240343347639,466,494,0.94331983805668,NA,NA,NA,2.68240343347639,NA,False,False,False,False,True,False,18082
162889,CTTCCGACACGGTAGA,886,745,584,0,401,0.0161073825503355,378,401,0.942643391521197,NA,NA,NA,1.61073825503355,NA,False,False,False,False,True,False,57315
66976,AAGCCATTCGCTTGAA,1034,829,984,0,453,0.04583835946924,424,453,0.93598233995585,NA,NA,NA,4.583835946924,NA,False,False,False,False,True,False,32652
27444,GGAGGATCACCCTCTA,1091,931,584,0,507,0.0537056928034371,485,507,0.956607495069034,NA,NA,NA,5.37056928034371,NA,False,False,False,False,True,False,15170
150599,GTGAGCCCAAGAAACT,997,854,473,0,450,0.0070257611241217,433,450,0.962222222222222,NA,NA,NA,0.70257611241217,NA,False,False,False,False,True,False,34105
350163,GACAGCCTCTCACGAA,66,60,3,0,53,0.0333333333333333,44,53,0.830188679245283,NA,NA,NA,3.33333333333333,NA,False,False,False,False,True,False,84559
109802,TGGGCTGAGAGGCTGT,960,815,420,0,428,0.0208588957055214,408,428,0.953271028037383,NA,NA,NA,2.08588957055214,NA,False,False,False,False,True,False,44451
161908,GATCAGTAGACTTCGT,736,607,482,0,341,0.029654036243822,324,341,0.950146627565982,NA,NA,NA,2.9654036243822,NA,False,False,False,False,True,False,73713
150034,AACCATGAGGCACGAT,44,39,2,0,31,0.153846153846154,23,31,0.741935483870968,NA,NA,NA,15.3846153846154,NA,False,False,False,False,True,False,93369
151179,TGTGAGTAGGGCAGTT,1026,876,559,0,484,0.0136986301369863,458,484,0.946280991735537,NA,NA,NA,1.36986301369863,NA,False,False,False,False,True,False,21115
228583,GGGCGTTAGGTGCATG,65,58,8,0,50,0.0517241379310344,42,50,0.84,NA,NA,NA,5.17241379310344,NA,False,False,False,False,True,False,85257
19553,AGGGCTCAGTATAGGT,984,828,554,0,445,0.0821256038647343,426,445,0.957303370786517,NA,NA,NA,8.21256038647343,NA,False,False,False,False,True,False,36022
20935,TCCTGCAAGCCTTGAT,1991,1617,1439,0,890,0.0500927643784786,833,890,0.935955056179775,0.00053552829194814,0,1,5.00927643784786,100,False,False,False,False,True,False,5371
132316,GGAGATGGTCTCAAGT,803,688,426,0,375,0.0159883720930232,367,375,0.978666666666667,NA,NA,NA,1.59883720930232,NA,False,False,False,False,True,False,66863
99314,AGTTAGCTCGTAGCTA,784,674,410,0,361,0.0385756676557863,344,361,0.952908587257618,NA,NA,NA,3.85756676557863,NA,False,False,False,False,True,False,70379
12732,GCGTTTCGTATGTCAC,1133,949,652,0,508,0.153846153846154,495,508,0.974409448818898,NA,NA,NA,15.3846153846154,NA,False,False,False,False,True,False,14928
82847,CTCCATGGTACGACTT,937,792,525,0,426,0.0517676767676767,409,426,0.960093896713615,NA,NA,NA,5.17676767676767,NA,False,False,False,False,True,False,45340
163398,TCTCAGCTCTGGTGCG,841,683,730,0,366,0.0117130307467057,340,366,0.92896174863388,NA,NA,NA,1.17130307467057,NA,False,False,False,False,True,False,69356
9211,CCTAAGAGTTCCAGGC,976,839,448,0,475,0.144219308700834,458,475,0.96421052631579,NA,NA,NA,14.4219308700834,NA,False,False,False,False,True,False,23741
97550,TCCATGCCAATTGAGA,1038,859,757,0,447,0.019790454016298,424,447,0.948545861297539,NA,NA,NA,1.9790454016298,NA,False,False,False,False,True,False,35369
175813,TGACAGTTCCAATGCA,49,45,9,0,39,0.0222222222222222,32,39,0.82051282051282,NA,NA,NA,2.22222222222222,NA,False,False,False,False,True,False,88942
33298,GGGTCTGCAGATTAAG,795,641,570,0,393,0.0608424336973478,381,393,0.969465648854962,NA,NA,NA,6.08424336973478,NA,False,False,False,False,True,False,60280
14631,GTTGAACGTCCAATCA,935,807,489,0,443,0.0768277571251549,429,443,0.968397291196388,NA,NA,NA,7.68277571251549,NA,False,False,False,False,True,False,36947
188603,ACAAGCTAGTCGAAGC,790,679,358,0,377,0.0191458026509572,364,377,0.96551724137931,NA,NA,NA,1.91458026509572,NA,False,False,False,False,True,False,66349
37976,CTCCTCCTCGCTATTT,936,732,875,0,425,0.0710382513661202,398,425,0.936470588235294,NA,NA,NA,7.10382513661202,NA,False,False,False,False,True,False,45674
243515,TGCAGTACAACCGACC,48,43,3,0,37,0,33,37,0.891891891891892,NA,NA,NA,0,NA,False,False,False,False,True,False,90066
111971,AGGATCTTCGGTGTTA,771,652,455,0,369,0.0230061349693251,355,369,0.962059620596206,NA,NA,NA,2.30061349693251,NA,False,False,False,False,True,False,68533
33925,TGCACGGTCTACGCAA,1190,968,756,0,523,0.0268595041322314,498,523,0.952198852772467,NA,NA,NA,2.68595041322314,NA,False,False,False,False,True,False,12324
22275,ATCCTATAGTGGTTGG,864,704,607,0,419,0.049715909090909,406,419,0.968973747016706,NA,NA,NA,4.9715909090909,NA,False,False,False,False,True,False,48542
197416,GACACGCAGCTATCTG,989,820,732,0,424,0.0170731707317073,410,424,0.966981132075472,NA,NA,NA,1.70731707317073,NA,False,False,False,False,True,False,46525
57848,AGAGAATGTCACTGAT,884,735,570,0,398,0.0448979591836734,386,398,0.969849246231156,NA,NA,NA,4.48979591836734,NA,False,False,False,False,True,False,58369
113758,TGCATGACACAGAGCA,824,699,561,0,366,0.0300429184549356,348,366,0.950819672131147,NA,NA,NA,3.00429184549356,NA,False,False,False,False,True,False,69308
20724,GCTGAATGTGAGATCG,1161,978,544,0,544,0.155419222903885,519,544,0.954044117647059,NA,NA,NA,15.5419222903885,NA,False,False,False,False,True,False,9892
165445,AAGACAAGTATCGTTG,967,853,290,0,439,0.0140679953106682,425,439,0.968109339407745,NA,NA,NA,1.40679953106682,NA,False,False,False,False,True,False,39216
217593,CACGTTCCAGTATTCG,111,98,7,0,83,0.0408163265306122,65,83,0.783132530120482,NA,NA,NA,4.08163265306122,NA,False,False,False,False,True,False,80227
77316,TTTGACTAGGTCACCC,1086,891,804,0,472,0.0303030303030303,444,472,0.940677966101695,NA,NA,NA,3.03030303030303,NA,False,False,False,False,True,False,24970
160101,GACGTTATCAGAGTGG,1004,855,351,0,448,0.0292397660818713,431,448,0.962053571428571,NA,NA,NA,2.92397660818713,NA,False,False,False,False,True,False,35028
209442,TCCATGCCACCTCTAC,74,68,2,0,61,0,43,61,0.704918032786885,NA,NA,NA,0,NA,False,False,False,False,True,False,82880
41243,TGCATGACAAATGGAT,1050,880,547,0,463,0.0931818181818181,447,463,0.965442764578834,NA,NA,NA,9.31818181818181,NA,False,False,False,False,True,False,28373
91961,ATCCACCAGGATCATA,927,718,714,0,378,0.0194986072423398,354,378,0.936507936507937,NA,NA,NA,1.94986072423398,NA,False,False,False,False,True,False,65910
222999,TTATTGCTCCGAGTGC,142,39,20,0,37,0,37,37,1,NA,NA,NA,0,NA,False,False,False,False,True,False,90020
128355,GCTACAAGTAACACCT,1162,953,897,0,513,0.0083945435466946,490,513,0.955165692007797,NA,NA,NA,0.83945435466946,NA,False,False,False,False,True,False,14079
44870,ATCGGATAGCGTGTCC,685,591,224,0,348,0.0101522842639593,335,348,0.96264367816092,NA,NA,NA,1.01522842639593,NA,False,False,False,False,True,False,72709
36043,AGCGCTGGTCTCTCTG,918,748,697,0,387,0.0240641711229946,371,387,0.958656330749354,NA,NA,NA,2.40641711229946,NA,False,False,False,False,True,False,62616
256083,ACTGCAACAGCTCGGT,72,67,9,0,56,0.0298507462686567,49,56,0.875,NA,NA,NA,2.98507462686567,NA,False,False,False,False,True,False,83823
52578,AGTAGTCCAATTGAAG,1030,893,516,0,486,0.0167973124300112,454,486,0.934156378600823,NA,NA,NA,1.67973124300112,NA,False,False,False,False,True,False,20409
161588,ATTGTTCTCCATAAGC,955,804,588,0,434,0.0149253731343283,409,434,0.942396313364055,NA,NA,NA,1.49253731343283,NA,False,False,False,False,True,False,41576
48377,AATCGTGGTTATGACC,1510,1230,1039,0,673,0.121951219512195,648,673,0.962852897473997,0.000189690283150412,0,1,12.1951219512195,100,False,False,False,False,True,False,6357
35690,TCACGCTCAAGAGGCT,938,772,643,0,415,0.0375647668393782,393,415,0.946987951807229,NA,NA,NA,3.75647668393782,NA,False,False,False,False,True,False,50499
24857,GGCTGTGGTTAGGGTG,902,732,719,0,387,0.0314207650273224,366,387,0.945736434108527,NA,NA,NA,3.14207650273224,NA,False,False,False,False,True,False,62582
133454,GGAACCCGTCTTCTAT,1697,1430,969,0,782,0.0104895104895104,752,782,0.961636828644501,0.000876048463396728,0,1,1.04895104895104,100,False,False,False,False,True,False,5856
60424,CAGTTCCTCATCACCC,1151,920,984,0,483,0.0141304347826086,462,483,0.956521739130435,NA,NA,NA,1.41304347826086,NA,False,False,False,False,True,False,21322
